id,text,language,category,subcategory,priority,duplicate_of
1077,Students ko Route 4 pe poori journey khade hoke karni padti hai.,hinglish,Transport,overcrowding,4,
778,Hostel room maintenance requests are not being addressed.,en,Infrastructure,hostel_issue,3,
1069,Students ko Route 4 pe poori journey khade hoke karni padti hai.,hinglish,Transport,overcrowding,5,
754,the library building 2nd floor classroom ka projector 10 days se kharab hai.,hinglish,Infrastructure,classroom_maintenance,2,
1182,The price for a basic meal is too high compared to quality offered.,en,Canteen,pricing,2,
886,"the new wing 3rd floor ke paas exposed wiring hai, ye safety hazard hai.",hinglish,Infrastructure,electrical_fault,3,
8,"Faculty is covering AI/ML too fast, students are struggling to keep up.",en,Academics,syllabus_pace,2,
214,"Mumbai University semester exam paper ka revaluation chahiye, marks galat lag rahe hain.",hinglish,Examinations,revaluation_request,2,
457,My scholarship status has not been updated on the portal for a week.,en,Fees_Accounts,scholarship_query,3,
154,मेडिकल सर्टिफिकेट देने के बाद भी अटेंडेंस अपडेट नहीं हुई।,hi,Academics,attendance_dispute,1,
620,Computer Networks ki reference book library mein available nahi hai.,hinglish,IT_Library,book_availability,2,
248,पोर्टल से हॉल टिकट डाउनलोड नहीं हो रहा है।,hi,Examinations,hall_ticket_issue,3,
216,"Computer Networks paper ka revaluation chahiye, marks galat lag rahe hain.",hinglish,Examinations,revaluation_request,2,
219,"AI/ML paper ka revaluation chahiye, marks galat lag rahe hain.",hinglish,Examinations,revaluation_request,3,
1136,The canteen seating area is not being cleaned properly.,en,Canteen,hygiene,2,
1125,Canteen mein khane ki quality is mahine kaafi gir gayi hai.,hinglish,Canteen,food_quality,2,
446,Mera Rs. 500 ka refund 5 days se pending hai.,hinglish,Fees_Accounts,refund_delay,4,
156,Computer Networks में मेरी अटेंडेंस गलत दिखाई जा रही है जबकि मैं क्लास में था।,hi,Academics,attendance_dispute,2,
875,"Block A 4th floor के पास खुली वायरिंग है, यह खतरनाक है।",hi,Infrastructure,electrical_fault,4,
292,मेरी दो परीक्षाएं AI/ML सहित एक ही दिन पर हैं।,hi,Examinations,exam_schedule_conflict,3,
120,नया टाइमटेबल पुराने शेड्यूल से टकरा रहा है।,hi,Academics,timetable_conflict,2,
589,I have been waiting two weeks for a library book to be issued.,en,IT_Library,book_availability,1,
173,"Computer Networks mein meri attendance galat show ho rahi hai, main present tha.",hinglish,Academics,attendance_dispute,2,
662,Block A mein WiFi 5 days se kaam nahi kar raha hai.,hinglish,IT_Library,wifi_network,2,
470,मुझे स्कॉलरशिप एप्लीकेशन के बारे में कोई अपडेट नहीं मिला।,hi,Fees_Accounts,scholarship_query,3,
1129,The canteen seating area is not being cleaned properly.,en,Canteen,hygiene,1,
32,"Pace bahut fast hai sir, thoda slow karo please.",hinglish,Academics,syllabus_pace,1,
440,two weeks baad bhi caution deposit refund nahi mila.,hinglish,Fees_Accounts,refund_delay,2,
1066,Students ko Route 7 pe poori journey khade hoke karni padti hai.,hinglish,Transport,overcrowding,3,
618,Library book issue hone mein 10 days ho gaye.,hinglish,IT_Library,book_availability,2,
997,There is no proper safety check being done on the college buses.,en,Transport,safety_concern,4,
597,The reference book for Computer Networks is not available in the library.,en,IT_Library,book_availability,1,
1322,"Please process my revaluation application for the the elective course exam, it has been two weeks.",en,Examinations,revaluation_request,3,187
251,मेरे हॉल टिकट में सीट नंबर गलत है AI/ML परीक्षा के लिए।,hi,Examinations,hall_ticket_issue,3,
1028,College buses ki proper safety check nahi ho rahi hai.,hinglish,Transport,safety_concern,4,
342,Data Structures के इंटरनल और एक्सटर्नल मार्क्स में अंतर है।,hi,Examinations,marks_discrepancy,3,
190,"Please process my revaluation application for the Mumbai University semester exam exam, it has been 3 days.",en,Examinations,revaluation_request,3,
238,I am unable to download my hall ticket from the portal.,en,Examinations,hall_ticket_issue,3,
139,My attendance for Mumbai University semester exam is marked wrong despite being present.,en,Academics,attendance_dispute,2,
631,The internet connection in the 2nd floor lab keeps disconnecting.,en,IT_Library,wifi_network,3,
960,The Route 7 bus has been consistently late by 30+ minutes for 5 days.,en,Transport,schedule_delay,4,
817,Washrooms in Block A are not being cleaned regularly.,en,Infrastructure,sanitation,3,
1278,"कैंटीन का मेनू महीनों से नहीं बदला, हमें और विविधता चाहिए।",hi,Canteen,menu_variety,1,1244
1211,Canteen ki prices bina notice ke badha di gayi hain.,hinglish,Canteen,pricing,2,
7,The the elective course syllabus is being rushed and we are not able to understand the concepts.,en,Academics,syllabus_pace,2,
118,नया टाइमटेबल पुराने शेड्यूल से टकरा रहा है।,hi,Academics,timetable_conflict,1,
617,Library book issue hone mein 3 days ho gaye.,hinglish,IT_Library,book_availability,1,
240,I am unable to download my hall ticket from the portal.,en,Examinations,hall_ticket_issue,3,
598,I have been waiting a week for a library book to be issued.,en,IT_Library,book_availability,1,
25,"Computer Networks का सिलेबस बहुत जल्दी पढ़ाया जा रहा है, समझ नहीं आ रहा।",hi,Academics,syllabus_pace,2,
84,a visiting lecturer ne class mein bohot rudely behave kiya students ke saath.,hinglish,Academics,faculty_conduct,2,
1234,"कैंटीन का मेनू महीनों से नहीं बदला, हमें और विविधता चाहिए।",hi,Canteen,menu_variety,2,
570,रिजल्ट देखने की कोशिश करने पर पोर्टल एरर दिखाता है।,hi,IT_Library,portal_access,2,
245,मेरे हॉल टिकट में सीट नंबर गलत है Mumbai University semester exam परीक्षा के लिए।,hi,Examinations,hall_ticket_issue,3,
710,Lab mein zaroori software license available nahi hai.,hinglish,IT_Library,software_license,3,
1012,कॉलेज बसों की उचित सुरक्षा जांच नहीं हो रही है।,hi,Transport,safety_concern,5,
820,There is a sanitation issue near the 3rd floor corridor.,en,Infrastructure,sanitation,4,
341,DBMS के इंटरनल और एक्सटर्नल मार्क्स में अंतर है।,hi,Examinations,marks_discrepancy,4,
362,"I was charged Rs. 8,000 extra in my semester fee without explanation.",en,Fees_Accounts,fee_discrepancy,2,
1139,There were insects near the food counter at the canteen.,en,Canteen,hygiene,2,
1167,Canteen ka seating area properly clean nahi ho raha hai.,hinglish,Canteen,hygiene,2,
640,The internet connection in the ground floor lab keeps disconnecting.,en,IT_Library,wifi_network,1,
601,लाइब्रेरी की किताब मिलने में a week हो गए।,hi,IT_Library,book_availability,2,
488,Scholarship application ke baare mein koi update nahi mila.,hinglish,Fees_Accounts,scholarship_query,2,
699,लैब में जरूरी सॉफ्टवेयर लाइसेंस उपलब्ध नहीं है।,hi,IT_Library,software_license,2,
768,Hostel room maintenance requests are not being addressed.,en,Infrastructure,hostel_issue,3,
148,Attendance was not updated even after submitting a medical certificate.,en,Academics,attendance_dispute,1,
610,लाइब्रेरी की किताब मिलने में two weeks हो गए।,hi,IT_Library,book_availability,2,
451,My scholarship status has not been updated on the portal for a week.,en,Fees_Accounts,scholarship_query,3,
734,Furniture in the classroom is damaged and needs repair.,en,Infrastructure,classroom_maintenance,4,
357,the elective course ke internal aur external marks mein mismatch hai.,hinglish,Examinations,marks_discrepancy,3,
482,Meri scholarship status portal pe two weeks se update nahi hui hai.,hinglish,Fees_Accounts,scholarship_query,3,
1309,"मुझे the elective course पेपर का रीवैल्यूएशन चाहिए, मार्क्स गलत लग रहे हैं।",hi,Examinations,revaluation_request,3,199
448,two weeks baad bhi caution deposit refund nahi mila.,hinglish,Fees_Accounts,refund_delay,2,
1218,There are very few options for students with dietary restrictions.,en,Canteen,menu_variety,3,
1323,Aaj canteen mein khana undercooked aur thanda mila.,hinglish,Canteen,food_quality,3,1115
748,the new wing 4th floor की क्लास का प्रोजेक्टर two weeks से खराब है।,hi,Infrastructure,classroom_maintenance,3,
1284,"मेरा Rs. 5,000 का रिफंड 10 days से पेंडिंग है।",hi,Fees_Accounts,refund_delay,3,421
227,My hall ticket for the the elective course exam has an incorrect seat number.,en,Examinations,hall_ticket_issue,3,
580,Main 5 days se student portal mein login nahi kar pa raha.,hinglish,IT_Library,portal_access,3,
676,The licensed software for DBMS lab has expired and needs renewal.,en,IT_Library,software_license,3,
550,I am unable to log into the student portal for two weeks.,en,IT_Library,portal_access,1,
582,Result dekhne ki koshish karne pe portal error deta hai.,hinglish,IT_Library,portal_access,2,
441,two weeks baad bhi caution deposit refund nahi mila.,hinglish,Fees_Accounts,refund_delay,3,
594,The reference book for Computer Networks is not available in the library.,en,IT_Library,book_availability,2,
731,The projector in the main building ground floor classroom has been broken for 5 days.,en,Infrastructure,classroom_maintenance,3,
392,Fee receipt aur portal amount mein Rs. 500 ka difference hai.,hinglish,Fees_Accounts,fee_discrepancy,4,
76,Aaj a professor ka behaviour theek nahi tha class mein.,hinglish,Academics,faculty_conduct,2,
843,ground floor corridor ke paas safai ki problem hai.,hinglish,Infrastructure,sanitation,3,
789,हॉस्टल में पानी की सप्लाई two weeks से अनियमित है।,hi,Infrastructure,hostel_issue,3,
1224,There are very few options for students with dietary restrictions.,en,Canteen,menu_variety,1,
1272,There are very few options for students with dietary restrictions.,en,Canteen,menu_variety,1,1217
197,"रीवैल्यूएशन एप्लीकेशन दिए हुए 3 days हो गए, कृपया प्रोसेस करें।",hi,Examinations,revaluation_request,3,
348,AI/ML ke internal aur external marks mein mismatch hai.,hinglish,Examinations,marks_discrepancy,3,
1275,the faculty ने क्लास में छात्रों के साथ बहुत बुरा व्यवहार किया।,hi,Academics,faculty_conduct,1,64
305,Exam datesheet doosre subject ke exam se clash kar raha hai.,hinglish,Examinations,exam_schedule_conflict,3,
283,Two of my exams including Data Structures are scheduled on the same day.,en,Examinations,exam_schedule_conflict,4,
1223,"The canteen menu has not changed in months, we want more variety.",en,Canteen,menu_variety,1,
126,"Mumbai University semester exam ka lecture aur lab dono same time pe hai, clash ho raha hai.",hinglish,Academics,timetable_conflict,2,
1290,Result dekhne ki koshish karne pe portal error deta hai.,hinglish,IT_Library,portal_access,2,577
491,Scholarship application ke baare mein koi update nahi mila.,hinglish,Fees_Accounts,scholarship_query,3,
949,"Bus timing is unreliable, we keep missing the first lecture.",en,Transport,schedule_delay,4,
709,Lab mein zaroori software license available nahi hai.,hinglish,IT_Library,software_license,3,
497,"The fee payment gateway failed but Rs. 8,000 was deducted from my account.",en,Fees_Accounts,payment_gateway_issue,4,
29,"Computer Networks का सिलेबस बहुत जल्दी पढ़ाया जा रहा है, समझ नहीं आ रहा।",hi,Academics,syllabus_pace,2,
805,Hostel mein paani ki supply a week se irregular hai.,hinglish,Infrastructure,hostel_issue,2,
233,My hall ticket for the Mumbai University semester exam exam has an incorrect seat number.,en,Examinations,hall_ticket_issue,3,
787,हॉस्टल में पानी की सप्लाई 5 days से अनियमित है।,hi,Infrastructure,hostel_issue,3,
78,the faculty ne class mein bohot rudely behave kiya students ke saath.,hinglish,Academics,faculty_conduct,2,
366,"There is a discrepancy of Rs. 1,200 between the fee receipt and portal amount.",en,Fees_Accounts,fee_discrepancy,3,
472,मुझे स्कॉलरशिप एप्लीकेशन के बारे में कोई अपडेट नहीं मिला।,hi,Fees_Accounts,scholarship_query,3,
803,Hostel mein paani ki supply 10 days se irregular hai.,hinglish,Infrastructure,hostel_issue,2,
874,Block A में बार-बार बिजली कटौती से लैब सेशन बाधित हो रहे हैं।,hi,Infrastructure,electrical_fault,3,
338,AI/ML के इंटरनल और एक्सटर्नल मार्क्स में अंतर है।,hi,Examinations,marks_discrepancy,3,
147,My attendance for DBMS is marked wrong despite being present.,en,Academics,attendance_dispute,2,
501,I am unable to complete fee payment due to a gateway error.,en,Fees_Accounts,payment_gateway_issue,3,
479,मुझे स्कॉलरशिप एप्लीकेशन के बारे में कोई अपडेट नहीं मिला।,hi,Fees_Accounts,scholarship_query,3,
404,"Mujhse semester fee mein Rs. 8,000 extra charge hua hai bina reason ke.",hinglish,Fees_Accounts,fee_discrepancy,3,
235,I am unable to download my hall ticket from the portal.,en,Examinations,hall_ticket_issue,3,
507,"The fee payment gateway failed but Rs. 5,000 was deducted from my account.",en,Fees_Accounts,payment_gateway_issue,3,
484,Meri scholarship status portal pe 5 days se update nahi hui hai.,hinglish,Fees_Accounts,scholarship_query,4,
539,Fee payment gateway fail ho gaya lekin Rs. 500 account se kat gaya.,hinglish,Fees_Accounts,payment_gateway_issue,2,
1303,Block C में बार-बार बिजली कटौती से लैब सेशन बाधित हो रहे हैं।,hi,Infrastructure,electrical_fault,3,876
143,Attendance was not updated even after submitting a medical certificate.,en,Academics,attendance_dispute,1,
128,"DBMS ka lecture aur lab dono same time pe hai, clash ho raha hai.",hinglish,Academics,timetable_conflict,2,
239,I am unable to download my hall ticket from the portal.,en,Examinations,hall_ticket_issue,4,
256,Mera hall ticket mein seat number galat hai Mumbai University semester exam exam ke liye.,hinglish,Examinations,hall_ticket_issue,3,
988,"Bus timing unreliable hai, first lecture miss ho jata hai.",hinglish,Transport,schedule_delay,4,
160,मेडिकल सर्टिफिकेट देने के बाद भी अटेंडेंस अपडेट नहीं हुई।,hi,Academics,attendance_dispute,2,
1013,"the Vasai route बस का ड्राइवर तेज़ गति से चला रहा था, असुरक्षित महसूस हुआ।",hi,Transport,safety_concern,5,
1000,There is no proper safety check being done on the college buses.,en,Transport,safety_concern,5,
917,कॉलेज बस रूट बिना सूचना के बदल दिया गया।,hi,Transport,bus_routing,4,
765,Block B ground floor classroom ka projector two weeks se kharab hai.,hinglish,Infrastructure,classroom_maintenance,3,
1085,I found the food undercooked and cold at the canteen today.,en,Canteen,food_quality,2,
902,"the Vasai route bus does not cover our stop anymore, please review the route.",en,Transport,bus_routing,4,
417,"My refund of Rs. 1,200 has been pending for 3 days.",en,Fees_Accounts,refund_delay,3,
595,I have been waiting 10 days for a library book to be issued.,en,IT_Library,book_availability,1,
1166,Canteen ka seating area properly clean nahi ho raha hai.,hinglish,Canteen,hygiene,2,
1083,I found the food undercooked and cold at the canteen today.,en,Canteen,food_quality,1,
645,The internet connection in the 4th floor lab keeps disconnecting.,en,IT_Library,wifi_network,3,
885,"Block C ground floor के पास खुली वायरिंग है, यह खतरनाक है।",hi,Infrastructure,electrical_fault,3,
426,5 days बाद भी मेरा कॉशन डिपॉजिट रिफंड नहीं मिला।,hi,Fees_Accounts,refund_delay,2,
269,Portal se hall ticket download nahi ho raha hai.,hinglish,Examinations,hall_ticket_issue,3,
1269,Canteen mein khane ki quality is mahine kaafi gir gayi hai.,hinglish,Canteen,food_quality,2,1121
1042,Students are forced to stand for the entire journey on Route 7.,en,Transport,overcrowding,4,
784,हॉस्टल में पानी की सप्लाई 5 days से अनियमित है।,hi,Infrastructure,hostel_issue,4,
85,Aaj the HOD ka behaviour theek nahi tha class mein.,hinglish,Academics,faculty_conduct,2,
623,Library book issue hone mein 3 days ho gaye.,hinglish,IT_Library,book_availability,1,
523,"फीस पेमेंट गेटवे फेल हो गया लेकिन Rs. 2,500 मेरे अकाउंट से कट गया।",hi,Fees_Accounts,payment_gateway_issue,3,
31,"Pace bahut fast hai sir, thoda slow karo please.",hinglish,Academics,syllabus_pace,2,
1256,Dietary restriction wale students ke liye bohot kam options hain.,hinglish,Canteen,menu_variety,3,
1252,Dietary restriction wale students ke liye bohot kam options hain.,hinglish,Canteen,menu_variety,2,
970,the Vasai route बस 10 days से लगातार 30 मिनट से ज्यादा देर हो रही है।,hi,Transport,schedule_delay,4,
253,मेरे हॉल टिकट में सीट नंबर गलत है Computer Networks परीक्षा के लिए।,hi,Examinations,hall_ticket_issue,3,
1076,Route 2 bus peak hours mein bohot overcrowded hoti hai.,hinglish,Transport,overcrowding,3,
773,Hostel room maintenance requests are not being addressed.,en,Infrastructure,hostel_issue,2,
513,गेटवे एरर की वजह से फीस पेमेंट पूरा नहीं हो पा रहा है।,hi,Fees_Accounts,payment_gateway_issue,3,
736,Block C 4th floor की क्लास का प्रोजेक्टर 5 days से खराब है।,hi,Infrastructure,classroom_maintenance,3,
1046,The Route 2 bus is severely overcrowded during peak hours.,en,Transport,overcrowding,4,
672,the main building mein WiFi a week se kaam nahi kar raha hai.,hinglish,IT_Library,wifi_network,2,
608,लाइब्रेरी की किताब मिलने में 10 days हो गए।,hi,IT_Library,book_availability,1,
1010,"Route 7 बस का ड्राइवर तेज़ गति से चला रहा था, असुरक्षित महसूस हुआ।",hi,Transport,safety_concern,5,
720,"Data Structures lab ka licensed software expire ho gaya hai, renew chahiye.",hinglish,IT_Library,software_license,3,
2,The AI/ML syllabus is being rushed and we are not able to understand the concepts.,en,Academics,syllabus_pace,2,
372,"I was charged Rs. 8,000 extra in my semester fee without explanation.",en,Fees_Accounts,fee_discrepancy,3,
630,Library book issue hone mein 10 days ho gaye.,hinglish,IT_Library,book_availability,2,
1121,Canteen mein khane ki quality is mahine kaafi gir gayi hai.,hinglish,Canteen,food_quality,2,
89,a visiting lecturer ne class mein bohot rudely behave kiya students ke saath.,hinglish,Academics,faculty_conduct,3,
800,Hostel room maintenance request pe koi action nahi hua.,hinglish,Infrastructure,hostel_issue,3,
884,the new wing में बार-बार बिजली कटौती से लैब सेशन बाधित हो रहे हैं।,hi,Infrastructure,electrical_fault,4,
824,There is a sanitation issue near the 2nd floor corridor.,en,Infrastructure,sanitation,3,
273,Two of my exams including Computer Networks are scheduled on the same day.,en,Examinations,exam_schedule_conflict,3,
180,"AI/ML mein meri attendance galat show ho rahi hai, main present tha.",hinglish,Academics,attendance_dispute,1,
774,Hostel room maintenance requests are not being addressed.,en,Infrastructure,hostel_issue,3,
358,DBMS ke marks jo upload hue hain wo answer sheet se match nahi karte.,hinglish,Examinations,marks_discrepancy,4,
1222,"The canteen menu has not changed in months, we want more variety.",en,Canteen,menu_variety,2,
191,"I want to request revaluation for my DBMS paper, marks seem incorrect.",en,Examinations,revaluation_request,3,
948,The the Vasai route bus has been consistently late by 30+ minutes for a week.,en,Transport,schedule_delay,4,
461,I have not received any update about my scholarship application.,en,Fees_Accounts,scholarship_query,2,
1312,Mumbai University semester exam ke internal aur external marks mein mismatch hai.,hinglish,Examinations,marks_discrepancy,3,350
1206,Canteen ki prices bina notice ke badha di gayi hain.,hinglish,Canteen,pricing,2,
97,The revised timetable clashes with our lab sessions.,en,Academics,timetable_conflict,2,
1043,The Route 7 bus is severely overcrowded during peak hours.,en,Transport,overcrowding,4,
542,The portal shows an error every time I try to access my results.,en,IT_Library,portal_access,2,
140,Attendance was not updated even after submitting a medical certificate.,en,Academics,attendance_dispute,2,
990,"Bus timing unreliable hai, first lecture miss ho jata hai.",hinglish,Transport,schedule_delay,5,
297,परीक्षा डेटशीट दूसरे विषय की परीक्षा से टकरा रही है।,hi,Examinations,exam_schedule_conflict,3,
71,a visiting lecturer ने क्लास में छात्रों के साथ बहुत बुरा व्यवहार किया।,hi,Academics,faculty_conduct,2,
947,The Route 2 bus has been consistently late by 30+ minutes for 10 days.,en,Transport,schedule_delay,3,
783,हॉस्टल में पानी की सप्लाई 3 days से अनियमित है।,hi,Infrastructure,hostel_issue,4,
1285,"फीस रसीद और पोर्टल राशि में Rs. 8,000 का अंतर है।",hi,Fees_Accounts,fee_discrepancy,3,390
27,"AI/ML का सिलेबस बहुत जल्दी पढ़ाया जा रहा है, समझ नहीं आ रहा।",hi,Academics,syllabus_pace,2,
328,There is a mismatch between internal and external marks for Computer Networks.,en,Examinations,marks_discrepancy,3,
167,Medical certificate submit karne ke baad bhi attendance update nahi hui.,hinglish,Academics,attendance_dispute,2,
1027,"Route 4 bus driver overspeed kar raha tha, unsafe laga.",hinglish,Transport,safety_concern,4,
1174,Canteen prices were increased without any notice to students.,en,Canteen,pricing,2,
401,"Fee receipt aur portal amount mein Rs. 2,500 ka difference hai.",hinglish,Fees_Accounts,fee_discrepancy,3,
1053,छात्रों को the Vasai route पर पूरी यात्रा खड़े होकर करनी पड़ती है।,hi,Transport,overcrowding,4,
381,"फीस रसीद और पोर्टल राशि में Rs. 1,200 का अंतर है।",hi,Fees_Accounts,fee_discrepancy,2,
435,two weeks बाद भी मेरा कॉशन डिपॉजिट रिफंड नहीं मिला।,hi,Fees_Accounts,refund_delay,4,
400,Fee receipt aur portal amount mein Rs. 500 ka difference hai.,hinglish,Fees_Accounts,fee_discrepancy,3,
519,गेटवे एरर की वजह से फीस पेमेंट पूरा नहीं हो पा रहा है।,hi,Fees_Accounts,payment_gateway_issue,3,
1023,College buses ki proper safety check nahi ho rahi hai.,hinglish,Transport,safety_concern,5,
1250,"Canteen ka menu mahino se nahi badla, hume aur variety chahiye.",hinglish,Canteen,menu_variety,1,
560,मैं 5 days से स्टूडेंट पोर्टल में लॉगिन नहीं कर पा रहा हूँ।,hi,IT_Library,portal_access,2,
327,The marks uploaded for the elective course do not match what was shown on the answer sheet.,en,Examinations,marks_discrepancy,3,
1177,The price for a basic meal is too high compared to quality offered.,en,Canteen,pricing,1,
17,"पढ़ाई की गति बहुत तेज़ है, कृपया धीमा करें।",hi,Academics,syllabus_pace,3,
1183,Canteen prices were increased without any notice to students.,en,Canteen,pricing,3,
473,मेरी स्कॉलरशिप स्थिति पोर्टल पर 10 days से अपडेट नहीं हुई है।,hi,Fees_Accounts,scholarship_query,3,
195,"I want to request revaluation for my Mumbai University semester exam paper, marks seem incorrect.",en,Examinations,revaluation_request,3,
1152,कैंटीन का बैठने का क्षेत्र ठीक से साफ नहीं किया जा रहा है।,hi,Canteen,hygiene,1,
11,The AI/ML syllabus is being rushed and we are not able to understand the concepts.,en,Academics,syllabus_pace,2,
406,"My refund of Rs. 1,200 has been pending for 3 days.",en,Fees_Accounts,refund_delay,3,
477,मेरी स्कॉलरशिप स्थिति पोर्टल पर two weeks से अपडेट नहीं हुई है।,hi,Fees_Accounts,scholarship_query,4,
1186,बेसिक खाने की कीमत क्वालिटी के मुकाबले बहुत ज्यादा है।,hi,Canteen,pricing,1,
512,गेटवे एरर की वजह से फीस पेमेंट पूरा नहीं हो पा रहा है।,hi,Fees_Accounts,payment_gateway_issue,3,
474,मेरी स्कॉलरशिप स्थिति पोर्टल पर 10 days से अपडेट नहीं हुई है।,hi,Fees_Accounts,scholarship_query,4,
296,मेरी दो परीक्षाएं AI/ML सहित एक ही दिन पर हैं।,hi,Examinations,exam_schedule_conflict,3,
650,4th floor लैब में इंटरनेट बार-बार डिस्कनेक्ट हो रहा है।,hi,IT_Library,wifi_network,3,
944,College bus route bina notice ke change kar diya gaya.,hinglish,Transport,bus_routing,4,
46,There was inappropriate behaviour by the HOD in class today.,en,Academics,faculty_conduct,3,
522,गेटवे एरर की वजह से फीस पेमेंट पूरा नहीं हो पा रहा है।,hi,Fees_Accounts,payment_gateway_issue,4,
115,"Computer Networks की क्लास और लैब का समय एक साथ है, टकराव हो रहा है।",hi,Academics,timetable_conflict,2,
301,Meri do exams including Computer Networks same din pe hain.,hinglish,Examinations,exam_schedule_conflict,3,
641,The internet connection in the ground floor lab keeps disconnecting.,en,IT_Library,wifi_network,2,
194,"I want to request revaluation for my Computer Networks paper, marks seem incorrect.",en,Examinations,revaluation_request,3,
442,10 days baad bhi caution deposit refund nahi mila.,hinglish,Fees_Accounts,refund_delay,3,
1305,AI/ML के लिए संदर्भ पुस्तक लाइब्रेरी में उपलब्ध नहीं है।,hi,IT_Library,book_availability,1,604
853,3rd floor corridor ke paas safai ki problem hai.,hinglish,Infrastructure,sanitation,3,
697,लैब में जरूरी सॉफ्टवेयर लाइसेंस उपलब्ध नहीं है।,hi,IT_Library,software_license,2,
553,The portal shows an error every time I try to access my results.,en,IT_Library,portal_access,2,
62,the faculty ने क्लास में छात्रों के साथ बहुत बुरा व्यवहार किया।,hi,Academics,faculty_conduct,2,
850,Block A ke washroom regularly clean nahi ho rahe hain.,hinglish,Infrastructure,sanitation,3,
1099,कैंटीन में खाने की क्वालिटी इस महीने काफी गिर गई है।,hi,Canteen,food_quality,2,
919,"the Vasai route बस अब हमारे स्टॉप पर नहीं आती, कृपया रूट देखें।",hi,Transport,bus_routing,4,
252,पोर्टल से हॉल टिकट डाउनलोड नहीं हो रहा है।,hi,Examinations,hall_ticket_issue,4,
1307,"Bus timing unreliable hai, first lecture miss ho jata hai.",hinglish,Transport,schedule_delay,4,984
955,The the Vasai route bus has been consistently late by 30+ minutes for 3 days.,en,Transport,schedule_delay,3,
1113,Aaj canteen mein khana undercooked aur thanda mila.,hinglish,Canteen,food_quality,2,
836,2nd floor गलियारे के पास सफाई की समस्या है।,hi,Infrastructure,sanitation,2,
592,I have been waiting 3 days for a library book to be issued.,en,IT_Library,book_availability,3,
313,Meri do exams including Computer Networks same din pe hain.,hinglish,Examinations,exam_schedule_conflict,3,
515,"फीस पेमेंट गेटवे फेल हो गया लेकिन Rs. 1,200 मेरे अकाउंट से कट गया।",hi,Fees_Accounts,payment_gateway_issue,3,
289,मेरी दो परीक्षाएं the elective course सहित एक ही दिन पर हैं।,hi,Examinations,exam_schedule_conflict,2,
1122,Aaj canteen mein khana undercooked aur thanda mila.,hinglish,Canteen,food_quality,1,
871,"the library building 3rd floor के पास खुली वायरिंग है, यह खतरनाक है।",hi,Infrastructure,electrical_fault,4,
463,My scholarship status has not been updated on the portal for two weeks.,en,Fees_Accounts,scholarship_query,3,
365,"There is a discrepancy of Rs. 2,500 between the fee receipt and portal amount.",en,Fees_Accounts,fee_discrepancy,3,
590,I have been waiting a week for a library book to be issued.,en,IT_Library,book_availability,3,
636,The internet connection in the 4th floor lab keeps disconnecting.,en,IT_Library,wifi_network,2,
698,लैब में जरूरी सॉफ्टवेयर लाइसेंस उपलब्ध नहीं है।,hi,IT_Library,software_license,3,
443,3 days baad bhi caution deposit refund nahi mila.,hinglish,Fees_Accounts,refund_delay,2,
398,"Mujhse semester fee mein Rs. 1,200 extra charge hua hai bina reason ke.",hinglish,Fees_Accounts,fee_discrepancy,4,
168,Medical certificate submit karne ke baad bhi attendance update nahi hui.,hinglish,Academics,attendance_dispute,2,
1063,छात्रों को the Vasai route पर पूरी यात्रा खड़े होकर करनी पड़ती है।,hi,Transport,overcrowding,5,
1265,DBMS ke marks jo upload hue hain wo answer sheet se match nahi karte.,hinglish,Examinations,marks_discrepancy,3,349
1157,Canteen ke food counter ke paas insects dikhe.,hinglish,Canteen,hygiene,2,
1291,लाइब्रेरी की किताब मिलने में two weeks हो गए।,hi,IT_Library,book_availability,2,610
716,Lab mein zaroori software license available nahi hai.,hinglish,IT_Library,software_license,2,
669,3rd floor lab mein internet baar baar disconnect ho raha hai.,hinglish,IT_Library,wifi_network,2,
260,Portal se hall ticket download nahi ho raha hai.,hinglish,Examinations,hall_ticket_issue,3,
1101,आज कैंटीन में खाना अधपका और ठंडा मिला।,hi,Canteen,food_quality,2,
945,College bus route bina notice ke change kar diya gaya.,hinglish,Transport,bus_routing,5,
40,"Pace bahut fast hai sir, thoda slow karo please.",hinglish,Academics,syllabus_pace,2,
957,The Route 2 bus has been consistently late by 30+ minutes for 10 days.,en,Transport,schedule_delay,4,
1266,The hostel water supply has been irregular for 10 days.,en,Infrastructure,hostel_issue,3,769
1286,ground floor गलियारे के पास सफाई की समस्या है।,hi,Infrastructure,sanitation,2,839
1283,We do not have access to the required software license in the lab.,en,IT_Library,software_license,2,679
907,The college bus route was changed without prior notice.,en,Transport,bus_routing,4,
90,the faculty ne class mein bohot rudely behave kiya students ke saath.,hinglish,Academics,faculty_conduct,3,
1217,There are very few options for students with dietary restrictions.,en,Canteen,menu_variety,1,
1105,आज कैंटीन में खाना अधपका और ठंडा मिला।,hi,Canteen,food_quality,1,
402,"Fee receipt aur portal amount mein Rs. 2,500 ka difference hai.",hinglish,Fees_Accounts,fee_discrepancy,4,
545,I am unable to log into the student portal for a week.,en,IT_Library,portal_access,2,
450,3 days baad bhi caution deposit refund nahi mila.,hinglish,Fees_Accounts,refund_delay,4,
384,"फीस रसीद और पोर्टल राशि में Rs. 5,000 का अंतर है।",hi,Fees_Accounts,fee_discrepancy,4,
1192,बेसिक खाने की कीमत क्वालिटी के मुकाबले बहुत ज्यादा है।,hi,Canteen,pricing,2,
1096,कैंटीन में खाने की क्वालिटी इस महीने काफी गिर गई है।,hi,Canteen,food_quality,2,
69,आज क्लास में a professor का व्यवहार सही नहीं था।,hi,Academics,faculty_conduct,2,
1016,कॉलेज बसों की उचित सुरक्षा जांच नहीं हो रही है।,hi,Transport,safety_concern,5,
936,College bus route bina notice ke change kar diya gaya.,hinglish,Transport,bus_routing,5,
224,"the elective course paper ka revaluation chahiye, marks galat lag rahe hain.",hinglish,Examinations,revaluation_request,2,
514,"फीस पेमेंट गेटवे फेल हो गया लेकिन Rs. 1,200 मेरे अकाउंट से कट गया।",hi,Fees_Accounts,payment_gateway_issue,4,
1030,College buses ki proper safety check nahi ho rahi hai.,hinglish,Transport,safety_concern,4,
897,Block A mein baar baar power cut se lab session disrupt ho raha hai.,hinglish,Infrastructure,electrical_fault,4,
480,मेरी स्कॉलरशिप स्थिति पोर्टल पर 10 days से अपडेट नहीं हुई है।,hi,Fees_Accounts,scholarship_query,3,
87,Aaj a professor ka behaviour theek nahi tha class mein.,hinglish,Academics,faculty_conduct,1,
220,"the elective course paper ka revaluation chahiye, marks galat lag rahe hain.",hinglish,Examinations,revaluation_request,3,
1196,कैंटीन की कीमतें बिना किसी सूचना के बढ़ा दी गईं।,hi,Canteen,pricing,2,
187,"Please process my revaluation application for the the elective course exam, it has been two weeks.",en,Examinations,revaluation_request,3,
996,There is no proper safety check being done on the college buses.,en,Transport,safety_concern,5,
894,"the library building 4th floor ke paas exposed wiring hai, ye safety hazard hai.",hinglish,Infrastructure,electrical_fault,4,
415,"My refund of Rs. 1,200 has been pending for two weeks.",en,Fees_Accounts,refund_delay,3,
336,Mumbai University semester exam के लिए अपलोड किए गए मार्क्स आंसर शीट से मेल नहीं खाते।,hi,Examinations,marks_discrepancy,3,
661,2nd floor lab mein internet baar baar disconnect ho raha hai.,hinglish,IT_Library,wifi_network,1,
1073,Students ko Route 2 pe poori journey khade hoke karni padti hai.,hinglish,Transport,overcrowding,5,
249,पोर्टल से हॉल टिकट डाउनलोड नहीं हो रहा है।,hi,Examinations,hall_ticket_issue,4,
163,मेडिकल सर्टिफिकेट देने के बाद भी अटेंडेंस अपडेट नहीं हुई।,hi,Academics,attendance_dispute,2,
759,Block A 3rd floor classroom ka projector 10 days se kharab hai.,hinglish,Infrastructure,classroom_maintenance,3,
36,"DBMS ka syllabus bohot jaldi cover ho raha hai, samajh nahi aa raha.",hinglish,Academics,syllabus_pace,2,
1104,आज कैंटीन में खाना अधपका और ठंडा मिला।,hi,Canteen,food_quality,1,
726,The projector in Block C ground floor classroom has been broken for a week.,en,Infrastructure,classroom_maintenance,3,
895,Block A mein baar baar power cut se lab session disrupt ho raha hai.,hinglish,Infrastructure,electrical_fault,3,
66,the HOD ने क्लास में छात्रों के साथ बहुत बुरा व्यवहार किया।,hi,Academics,faculty_conduct,1,
596,I have been waiting 3 days for a library book to be issued.,en,IT_Library,book_availability,2,
946,The Route 4 bus has been consistently late by 30+ minutes for 10 days.,en,Transport,schedule_delay,4,
940,"Route 2 bus ab hamare stop pe nahi aati, please route check karo.",hinglish,Transport,bus_routing,4,
599,I have been waiting 5 days for a library book to be issued.,en,IT_Library,book_availability,2,
1150,कैंटीन के फूड काउंटर के पास कीड़े दिखे।,hi,Canteen,hygiene,2,
51,the faculty was rude to students during the the elective course lecture.,en,Academics,faculty_conduct,2,
405,"Fee receipt aur portal amount mein Rs. 2,500 ka difference hai.",hinglish,Fees_Accounts,fee_discrepancy,3,
708,Lab mein zaroori software license available nahi hai.,hinglish,IT_Library,software_license,3,
374,"There is a discrepancy of Rs. 1,200 between the fee receipt and portal amount.",en,Fees_Accounts,fee_discrepancy,4,
378,"फीस रसीद और पोर्टल राशि में Rs. 5,000 का अंतर है।",hi,Fees_Accounts,fee_discrepancy,3,
318,There is a mismatch between internal and external marks for Mumbai University semester exam.,en,Examinations,marks_discrepancy,3,
1248,"Canteen ka menu mahino se nahi badla, hume aur variety chahiye.",hinglish,Canteen,menu_variety,2,
1050,Students are forced to stand for the entire journey on Route 2.,en,Transport,overcrowding,4,
407,"My refund of Rs. 5,000 has been pending for 3 days.",en,Fees_Accounts,refund_delay,4,
291,परीक्षा डेटशीट दूसरे विषय की परीक्षा से टकरा रही है।,hi,Examinations,exam_schedule_conflict,2,
1094,The food quality in the canteen has dropped significantly this month.,en,Canteen,food_quality,2,
845,ground floor corridor ke paas safai ki problem hai.,hinglish,Infrastructure,sanitation,4,
677,We do not have access to the required software license in the lab.,en,IT_Library,software_license,2,
130,New timetable purane schedule se clash kar raha hai.,hinglish,Academics,timetable_conflict,3,
316,The marks uploaded for the elective course do not match what was shown on the answer sheet.,en,Examinations,marks_discrepancy,3,
779,Hostel room maintenance requests are not being addressed.,en,Infrastructure,hostel_issue,4,
95,Two lectures for the elective course and another subject are scheduled at the same time.,en,Academics,timetable_conflict,1,
83,a professor ne class mein bohot rudely behave kiya students ke saath.,hinglish,Academics,faculty_conduct,2,
977,Route 7 bus two weeks se consistently 30+ minute late ho rahi hai.,hinglish,Transport,schedule_delay,5,
900,"the main building 2nd floor ke paas exposed wiring hai, ye safety hazard hai.",hinglish,Infrastructure,electrical_fault,5,
725,Furniture in the classroom is damaged and needs repair.,en,Infrastructure,classroom_maintenance,2,
691,"DBMS लैब का लाइसेंस्ड सॉफ्टवेयर एक्सपायर हो गया है, रिन्यू चाहिए।",hi,IT_Library,software_license,3,
825,There is a sanitation issue near the ground floor corridor.,en,Infrastructure,sanitation,3,
177,"Mumbai University semester exam mein meri attendance galat show ho rahi hai, main present tha.",hinglish,Academics,attendance_dispute,2,
1240,"कैंटीन का मेनू महीनों से नहीं बदला, हमें और विविधता चाहिए।",hi,Canteen,menu_variety,2,
918,कॉलेज बस रूट बिना सूचना के बदल दिया गया।,hi,Transport,bus_routing,5,
44,"Computer Networks ka syllabus bohot jaldi cover ho raha hai, samajh nahi aa raha.",hinglish,Academics,syllabus_pace,2,
904,"Route 7 bus does not cover our stop anymore, please review the route.",en,Transport,bus_routing,4,
1145,कैंटीन का बैठने का क्षेत्र ठीक से साफ नहीं किया जा रहा है।,hi,Canteen,hygiene,2,
696,"AI/ML लैब का लाइसेंस्ड सॉफ्टवेयर एक्सपायर हो गया है, रिन्यू चाहिए।",hi,IT_Library,software_license,1,
985,Route 4 bus 3 days se consistently 30+ minute late ho rahi hai.,hinglish,Transport,schedule_delay,4,
764,"Classroom ka furniture damaged hai, repair chahiye.",hinglish,Infrastructure,classroom_maintenance,2,
690,The licensed software for Mumbai University semester exam lab has expired and needs renewal.,en,IT_Library,software_license,1,
22,"पढ़ाई की गति बहुत तेज़ है, कृपया धीमा करें।",hi,Academics,syllabus_pace,2,
569,रिजल्ट देखने की कोशिश करने पर पोर्टल एरर दिखाता है।,hi,IT_Library,portal_access,3,
1091,The food quality in the canteen has dropped significantly this month.,en,Canteen,food_quality,2,
727,Furniture in the classroom is damaged and needs repair.,en,Infrastructure,classroom_maintenance,3,
284,The exam datesheet clashes with another subject's exam.,en,Examinations,exam_schedule_conflict,4,
526,Gateway error ki wajah se fee payment complete nahi ho raha.,hinglish,Fees_Accounts,payment_gateway_issue,3,
1112,Aaj canteen mein khana undercooked aur thanda mila.,hinglish,Canteen,food_quality,1,
419,"My refund of Rs. 5,000 has been pending for 5 days.",en,Fees_Accounts,refund_delay,3,
647,4th floor लैब में इंटरनेट बार-बार डिस्कनेक्ट हो रहा है।,hi,IT_Library,wifi_network,2,
743,"क्लासरूम का फर्नीचर खराब है, मरम्मत चाहिए।",hi,Infrastructure,classroom_maintenance,3,
74,आज क्लास में the HOD का व्यवहार सही नहीं था।,hi,Academics,faculty_conduct,1,
1031,College buses ki proper safety check nahi ho rahi hai.,hinglish,Transport,safety_concern,5,
1126,The canteen seating area is not being cleaned properly.,en,Canteen,hygiene,2,
280,The exam datesheet clashes with another subject's exam.,en,Examinations,exam_schedule_conflict,2,
654,3rd floor लैब में इंटरनेट बार-बार डिस्कनेक्ट हो रहा है।,hi,IT_Library,wifi_network,2,
70,आज क्लास में a professor का व्यवहार सही नहीं था।,hi,Academics,faculty_conduct,1,
113,"DBMS की क्लास और लैब का समय एक साथ है, टकराव हो रहा है।",hi,Academics,timetable_conflict,2,
1026,"Route 2 bus driver overspeed kar raha tha, unsafe laga.",hinglish,Transport,safety_concern,5,
756,the main building 4th floor classroom ka projector 10 days se kharab hai.,hinglish,Infrastructure,classroom_maintenance,4,
243,पोर्टल से हॉल टिकट डाउनलोड नहीं हो रहा है।,hi,Examinations,hall_ticket_issue,4,
1120,Canteen mein khane ki quality is mahine kaafi gir gayi hai.,hinglish,Canteen,food_quality,2,
607,लाइब्रेरी की किताब मिलने में 3 days हो गए।,hi,IT_Library,book_availability,2,
203,"रीवैल्यूएशन एप्लीकेशन दिए हुए two weeks हो गए, कृपया प्रोसेस करें।",hi,Examinations,revaluation_request,3,
683,The licensed software for the elective course lab has expired and needs renewal.,en,IT_Library,software_license,2,
225,"Revaluation application diye 5 days ho gaye, please process karo.",hinglish,Examinations,revaluation_request,3,
714,"Mumbai University semester exam lab ka licensed software expire ho gaya hai, renew chahiye.",hinglish,IT_Library,software_license,3,
409,I still have not received my caution deposit refund after 5 days.,en,Fees_Accounts,refund_delay,3,
311,Exam datesheet doosre subject ke exam se clash kar raha hai.,hinglish,Examinations,exam_schedule_conflict,2,
155,DBMS में मेरी अटेंडेंस गलत दिखाई जा रही है जबकि मैं क्लास में था।,hi,Academics,attendance_dispute,2,
416,"My refund of Rs. 2,500 has been pending for two weeks.",en,Fees_Accounts,refund_delay,3,
578,Main 3 days se student portal mein login nahi kar pa raha.,hinglish,IT_Library,portal_access,1,
577,Result dekhne ki koshish karne pe portal error deta hai.,hinglish,IT_Library,portal_access,2,
549,I am unable to log into the student portal for a week.,en,IT_Library,portal_access,2,
184,"I want to request revaluation for my Mumbai University semester exam paper, marks seem incorrect.",en,Examinations,revaluation_request,3,
465,My scholarship status has not been updated on the portal for 10 days.,en,Fees_Accounts,scholarship_query,3,
359,DBMS ke internal aur external marks mein mismatch hai.,hinglish,Examinations,marks_discrepancy,3,
24,"पढ़ाई की गति बहुत तेज़ है, कृपया धीमा करें।",hi,Academics,syllabus_pace,2,
300,मेरी दो परीक्षाएं Mumbai University semester exam सहित एक ही दिन पर हैं।,hi,Examinations,exam_schedule_conflict,2,
816,There is a sanitation issue near the 4th floor corridor.,en,Infrastructure,sanitation,3,
33,"the elective course ka syllabus bohot jaldi cover ho raha hai, samajh nahi aa raha.",hinglish,Academics,syllabus_pace,2,
1022,College buses ki proper safety check nahi ho rahi hai.,hinglish,Transport,safety_concern,5,
838,the new wing के वॉशरूम नियमित रूप से साफ नहीं किए जा रहे हैं।,hi,Infrastructure,sanitation,3,
475,मुझे स्कॉलरशिप एप्लीकेशन के बारे में कोई अपडेट नहीं मिला।,hi,Fees_Accounts,scholarship_query,4,
436,two weeks baad bhi caution deposit refund nahi mila.,hinglish,Fees_Accounts,refund_delay,4,
1197,कैंटीन की कीमतें बिना किसी सूचना के बढ़ा दी गईं।,hi,Canteen,pricing,1,
798,Hostel mein paani ki supply 10 days se irregular hai.,hinglish,Infrastructure,hostel_issue,3,
345,DBMS के इंटरनल और एक्सटर्नल मार्क्स में अंतर है।,hi,Examinations,marks_discrepancy,3,
1080,Students ko the Vasai route pe poori journey khade hoke karni padti hai.,hinglish,Transport,overcrowding,5,
9,"Faculty is covering Data Structures too fast, students are struggling to keep up.",en,Academics,syllabus_pace,2,
1288,कैंटीन में खाने की क्वालिटी इस महीने काफी गिर गई है।,hi,Canteen,food_quality,3,1107
1115,Aaj canteen mein khana undercooked aur thanda mila.,hinglish,Canteen,food_quality,3,
1254,Dietary restriction wale students ke liye bohot kam options hain.,hinglish,Canteen,menu_variety,2,
911,"the Vasai route bus does not cover our stop anymore, please review the route.",en,Transport,bus_routing,4,
546,I am unable to log into the student portal for 10 days.,en,IT_Library,portal_access,1,
543,I am unable to log into the student portal for a week.,en,IT_Library,portal_access,2,
643,Wi-Fi in Block B has not been working for a week.,en,IT_Library,wifi_network,2,
1232,"कैंटीन का मेनू महीनों से नहीं बदला, हमें और विविधता चाहिए।",hi,Canteen,menu_variety,2,
674,Block A mein WiFi 3 days se kaam nahi kar raha hai.,hinglish,IT_Library,wifi_network,2,
557,रिजल्ट देखने की कोशिश करने पर पोर्टल एरर दिखाता है।,hi,IT_Library,portal_access,2,
418,"My refund of Rs. 5,000 has been pending for 5 days.",en,Fees_Accounts,refund_delay,2,
531,Gateway error ki wajah se fee payment complete nahi ho raha.,hinglish,Fees_Accounts,payment_gateway_issue,2,
129,"Computer Networks ka lecture aur lab dono same time pe hai, clash ho raha hai.",hinglish,Academics,timetable_conflict,1,
865,Frequent power cuts in Block A are disrupting lab sessions.,en,Infrastructure,electrical_fault,5,
28,"पढ़ाई की गति बहुत तेज़ है, कृपया धीमा करें।",hi,Academics,syllabus_pace,2,
38,"Pace bahut fast hai sir, thoda slow karo please.",hinglish,Academics,syllabus_pace,3,
45,"Mumbai University semester exam ka syllabus bohot jaldi cover ho raha hai, samajh nahi aa raha.",hinglish,Academics,syllabus_pace,2,
961,"बस का समय अनिश्चित है, हमारी पहली क्लास छूट जाती है।",hi,Transport,schedule_delay,4,
1070,the Vasai route bus peak hours mein bohot overcrowded hoti hai.,hinglish,Transport,overcrowding,3,
723,Furniture in the classroom is damaged and needs repair.,en,Infrastructure,classroom_maintenance,3,
236,I am unable to download my hall ticket from the portal.,en,Examinations,hall_ticket_issue,3,
1041,The the Vasai route bus is severely overcrowded during peak hours.,en,Transport,overcrowding,3,
79,the faculty ne class mein bohot rudely behave kiya students ke saath.,hinglish,Academics,faculty_conduct,3,
1289,The portal shows an error every time I try to access my results.,en,IT_Library,portal_access,2,544
664,the new wing mein WiFi 5 days se kaam nahi kar raha hai.,hinglish,IT_Library,wifi_network,2,
1119,Canteen mein khane ki quality is mahine kaafi gir gayi hai.,hinglish,Canteen,food_quality,2,
332,Computer Networks के लिए अपलोड किए गए मार्क्स आंसर शीट से मेल नहीं खाते।,hi,Examinations,marks_discrepancy,3,
1081,I found the food undercooked and cold at the canteen today.,en,Canteen,food_quality,2,
430,"मेरा Rs. 8,000 का रिफंड 3 days से पेंडिंग है।",hi,Fees_Accounts,refund_delay,3,
380,फीस रसीद और पोर्टल राशि में Rs. 500 का अंतर है।,hi,Fees_Accounts,fee_discrepancy,3,
360,the elective course ke marks jo upload hue hain wo answer sheet se match nahi karte.,hinglish,Examinations,marks_discrepancy,2,
438,"Mera Rs. 8,000 ka refund two weeks se pending hai.",hinglish,Fees_Accounts,refund_delay,3,
1235,"कैंटीन का मेनू महीनों से नहीं बदला, हमें और विविधता चाहिए।",hi,Canteen,menu_variety,3,
54,the HOD was rude to students during the Data Structures lecture.,en,Academics,faculty_conduct,2,
218,"the elective course paper ka revaluation chahiye, marks galat lag rahe hain.",hinglish,Examinations,revaluation_request,3,
815,Washrooms in Block B are not being cleaned regularly.,en,Infrastructure,sanitation,2,
498,I am unable to complete fee payment due to a gateway error.,en,Fees_Accounts,payment_gateway_issue,4,
554,I am unable to log into the student portal for 5 days.,en,IT_Library,portal_access,2,
323,There is a mismatch between internal and external marks for DBMS.,en,Examinations,marks_discrepancy,3,
344,AI/ML के इंटरनल और एक्सटर्नल मार्क्स में अंतर है।,hi,Examinations,marks_discrepancy,3,
998,There is no proper safety check being done on the college buses.,en,Transport,safety_concern,4,
1227,There are very few options for students with dietary restrictions.,en,Canteen,menu_variety,2,
1144,कैंटीन का बैठने का क्षेत्र ठीक से साफ नहीं किया जा रहा है।,hi,Canteen,hygiene,2,
4,The the elective course syllabus is being rushed and we are not able to understand the concepts.,en,Academics,syllabus_pace,2,
681,The licensed software for Data Structures lab has expired and needs renewal.,en,IT_Library,software_license,2,
1207,Canteen ki prices bina notice ke badha di gayi hain.,hinglish,Canteen,pricing,3,
396,"Mujhse semester fee mein Rs. 5,000 extra charge hua hai bina reason ke.",hinglish,Fees_Accounts,fee_discrepancy,3,
86,Aaj a professor ka behaviour theek nahi tha class mein.,hinglish,Academics,faculty_conduct,2,
896,"the main building 4th floor ke paas exposed wiring hai, ye safety hazard hai.",hinglish,Infrastructure,electrical_fault,4,
43,"Data Structures ka syllabus bohot jaldi cover ho raha hai, samajh nahi aa raha.",hinglish,Academics,syllabus_pace,2,
499,"The fee payment gateway failed but Rs. 8,000 was deducted from my account.",en,Fees_Accounts,payment_gateway_issue,3,
982,"Bus timing unreliable hai, first lecture miss ho jata hai.",hinglish,Transport,schedule_delay,4,
99,Two lectures for DBMS and another subject are scheduled at the same time.,en,Academics,timetable_conflict,2,
1149,कैंटीन के फूड काउंटर के पास कीड़े दिखे।,hi,Canteen,hygiene,2,
152,Mumbai University semester exam में मेरी अटेंडेंस गलत दिखाई जा रही है जबकि मैं क्लास में था।,hi,Academics,attendance_dispute,3,
954,"Bus timing is unreliable, we keep missing the first lecture.",en,Transport,schedule_delay,3,
250,मेरे हॉल टिकट में सीट नंबर गलत है the elective course परीक्षा के लिए।,hi,Examinations,hall_ticket_issue,3,
558,रिजल्ट देखने की कोशिश करने पर पोर्टल एरर दिखाता है।,hi,IT_Library,portal_access,2,
942,"Route 4 bus ab hamare stop pe nahi aati, please route check karo.",hinglish,Transport,bus_routing,4,
1180,Canteen prices were increased without any notice to students.,en,Canteen,pricing,2,
264,Portal se hall ticket download nahi ho raha hai.,hinglish,Examinations,hall_ticket_issue,2,
1118,Aaj canteen mein khana undercooked aur thanda mila.,hinglish,Canteen,food_quality,2,
931,College bus route bina notice ke change kar diya gaya.,hinglish,Transport,bus_routing,4,
421,"मेरा Rs. 5,000 का रिफंड 10 days से पेंडिंग है।",hi,Fees_Accounts,refund_delay,3,
265,Mera hall ticket mein seat number galat hai AI/ML exam ke liye.,hinglish,Examinations,hall_ticket_issue,3,
770,The hostel water supply has been irregular for 3 days.,en,Infrastructure,hostel_issue,2,
145,Attendance was not updated even after submitting a medical certificate.,en,Academics,attendance_dispute,3,
1082,I found the food undercooked and cold at the canteen today.,en,Canteen,food_quality,2,
906,The college bus route was changed without prior notice.,en,Transport,bus_routing,4,
888,the main building mein baar baar power cut se lab session disrupt ho raha hai.,hinglish,Infrastructure,electrical_fault,3,
198,"रीवैल्यूएशन एप्लीकेशन दिए हुए two weeks हो गए, कृपया प्रोसेस करें।",hi,Examinations,revaluation_request,4,
1086,The food quality in the canteen has dropped significantly this month.,en,Canteen,food_quality,2,
614,Computer Networks के लिए संदर्भ पुस्तक लाइब्रेरी में उपलब्ध नहीं है।,hi,IT_Library,book_availability,2,
1044,The Route 4 bus is severely overcrowded during peak hours.,en,Transport,overcrowding,3,
528,Gateway error ki wajah se fee payment complete nahi ho raha.,hinglish,Fees_Accounts,payment_gateway_issue,3,
1238,डाइटरी रिस्ट्रिक्शन वाले छात्रों के लिए बहुत कम विकल्प हैं।,hi,Canteen,menu_variety,3,
807,Hostel room maintenance request pe koi action nahi hua.,hinglish,Infrastructure,hostel_issue,4,
930,"the Vasai route बस अब हमारे स्टॉप पर नहीं आती, कृपया रूट देखें।",hi,Transport,bus_routing,4,
1298,कॉलेज बसों की उचित सुरक्षा जांच नहीं हो रही है।,hi,Transport,safety_concern,5,1006
319,There is a mismatch between internal and external marks for Computer Networks.,en,Examinations,marks_discrepancy,2,
1158,Canteen ka seating area properly clean nahi ho raha hai.,hinglish,Canteen,hygiene,2,
315,Exam datesheet doosre subject ke exam se clash kar raha hai.,hinglish,Examinations,exam_schedule_conflict,3,
730,Furniture in the classroom is damaged and needs repair.,en,Infrastructure,classroom_maintenance,3,
700,"the elective course लैब का लाइसेंस्ड सॉफ्टवेयर एक्सपायर हो गया है, रिन्यू चाहिए।",hi,IT_Library,software_license,3,
652,Block B में वाईफाई two weeks से काम नहीं कर रहा है।,hi,IT_Library,wifi_network,3,
684,The licensed software for Data Structures lab has expired and needs renewal.,en,IT_Library,software_license,2,
978,the Vasai route bus two weeks se consistently 30+ minute late ho rahi hai.,hinglish,Transport,schedule_delay,4,
1276,the new wing में बार-बार बिजली कटौती से लैब सेशन बाधित हो रहे हैं।,hi,Infrastructure,electrical_fault,4,884
59,the HOD was rude to students during the Computer Networks lecture.,en,Academics,faculty_conduct,2,
747,the library building 2nd floor की क्लास का प्रोजेक्टर a week से खराब है।,hi,Infrastructure,classroom_maintenance,4,
333,the elective course के इंटरनल और एक्सटर्नल मार्क्स में अंतर है।,hi,Examinations,marks_discrepancy,2,
806,Hostel mein paani ki supply 10 days se irregular hai.,hinglish,Infrastructure,hostel_issue,3,
830,Block C के वॉशरूम नियमित रूप से साफ नहीं किए जा रहे हैं।,hi,Infrastructure,sanitation,3,
288,परीक्षा डेटशीट दूसरे विषय की परीक्षा से टकरा रही है।,hi,Examinations,exam_schedule_conflict,3,
559,रिजल्ट देखने की कोशिश करने पर पोर्टल एरर दिखाता है।,hi,IT_Library,portal_access,2,
272,Two of my exams including the elective course are scheduled on the same day.,en,Examinations,exam_schedule_conflict,3,
317,There is a mismatch between internal and external marks for Data Structures.,en,Examinations,marks_discrepancy,3,
1106,कैंटीन में खाने की क्वालिटी इस महीने काफी गिर गई है।,hi,Canteen,food_quality,2,
1220,There are very few options for students with dietary restrictions.,en,Canteen,menu_variety,2,
112,"Computer Networks की क्लास और लैब का समय एक साथ है, टकराव हो रहा है।",hi,Academics,timetable_conflict,3,
151,मेडिकल सर्टिफिकेट देने के बाद भी अटेंडेंस अपडेट नहीं हुई।,hi,Academics,attendance_dispute,3,
185,"Please process my revaluation application for the Computer Networks exam, it has been 5 days.",en,Examinations,revaluation_request,4,
1184,Canteen prices were increased without any notice to students.,en,Canteen,pricing,2,
733,The projector in the library building ground floor classroom has been broken for two weeks.,en,Infrastructure,classroom_maintenance,3,
1040,The Route 2 bus is severely overcrowded during peak hours.,en,Transport,overcrowding,3,
581,Result dekhne ki koshish karne pe portal error deta hai.,hinglish,IT_Library,portal_access,1,
453,I have not received any update about my scholarship application.,en,Fees_Accounts,scholarship_query,2,
864,"There is exposed wiring near Block C ground floor, this is a safety hazard.",en,Infrastructure,electrical_fault,5,
841,3rd floor corridor ke paas safai ki problem hai.,hinglish,Infrastructure,sanitation,4,
644,The internet connection in the 2nd floor lab keeps disconnecting.,en,IT_Library,wifi_network,2,
882,"the main building 3rd floor के पास खुली वायरिंग है, यह खतरनाक है।",hi,Infrastructure,electrical_fault,5,
819,There is a sanitation issue near the ground floor corridor.,en,Infrastructure,sanitation,3,
1287,The canteen seating area is not being cleaned properly.,en,Canteen,hygiene,3,1135
873,the new wing में बार-बार बिजली कटौती से लैब सेशन बाधित हो रहे हैं।,hi,Infrastructure,electrical_fault,4,
82,Aaj a professor ka behaviour theek nahi tha class mein.,hinglish,Academics,faculty_conduct,2,
921,"Route 2 बस अब हमारे स्टॉप पर नहीं आती, कृपया रूट देखें।",hi,Transport,bus_routing,4,
651,3rd floor लैब में इंटरनेट बार-बार डिस्कनेक्ट हो रहा है।,hi,IT_Library,wifi_network,3,
35,"Pace bahut fast hai sir, thoda slow karo please.",hinglish,Academics,syllabus_pace,2,
267,Portal se hall ticket download nahi ho raha hai.,hinglish,Examinations,hall_ticket_issue,2,
189,"Please process my revaluation application for the the elective course exam, it has been two weeks.",en,Examinations,revaluation_request,3,
226,I am unable to download my hall ticket from the portal.,en,Examinations,hall_ticket_issue,3,
1191,कैंटीन की कीमतें बिना किसी सूचना के बढ़ा दी गईं।,hi,Canteen,pricing,2,
75,a professor ने क्लास में छात्रों के साथ बहुत बुरा व्यवहार किया।,hi,Academics,faculty_conduct,2,
822,There is a sanitation issue near the 2nd floor corridor.,en,Infrastructure,sanitation,4,
503,"The fee payment gateway failed but Rs. 1,200 was deducted from my account.",en,Fees_Accounts,payment_gateway_issue,3,
912,"Route 2 bus does not cover our stop anymore, please review the route.",en,Transport,bus_routing,5,
1098,आज कैंटीन में खाना अधपका और ठंडा मिला।,hi,Canteen,food_quality,2,
1100,कैंटीन में खाने की क्वालिटी इस महीने काफी गिर गई है।,hi,Canteen,food_quality,3,
158,मेडिकल सर्टिफिकेट देने के बाद भी अटेंडेंस अपडेट नहीं हुई।,hi,Academics,attendance_dispute,3,
840,Block B के वॉशरूम नियमित रूप से साफ नहीं किए जा रहे हैं।,hi,Infrastructure,sanitation,2,
159,मेडिकल सर्टिफिकेट देने के बाद भी अटेंडेंस अपडेट नहीं हुई।,hi,Academics,attendance_dispute,2,
478,मेरी स्कॉलरशिप स्थिति पोर्टल पर 3 days से अपडेट नहीं हुई है।,hi,Fees_Accounts,scholarship_query,3,
1072,Route 7 bus peak hours mein bohot overcrowded hoti hai.,hinglish,Transport,overcrowding,5,
6,The AI/ML syllabus is being rushed and we are not able to understand the concepts.,en,Academics,syllabus_pace,3,
1062,Route 2 बस पीक आवर्स में बहुत भीड़भाड़ वाली होती है।,hi,Transport,overcrowding,5,
573,Main 10 days se student portal mein login nahi kar pa raha.,hinglish,IT_Library,portal_access,1,
781,हॉस्टल में पानी की सप्लाई 5 days से अनियमित है।,hi,Infrastructure,hostel_issue,3,
846,4th floor corridor ke paas safai ki problem hai.,hinglish,Infrastructure,sanitation,2,
286,परीक्षा डेटशीट दूसरे विषय की परीक्षा से टकरा रही है।,hi,Examinations,exam_schedule_conflict,3,
1148,कैंटीन का बैठने का क्षेत्र ठीक से साफ नहीं किया जा रहा है।,hi,Canteen,hygiene,3,
1141,कैंटीन के फूड काउंटर के पास कीड़े दिखे।,hi,Canteen,hygiene,2,
387,"मुझसे सेमेस्टर फीस में Rs. 1,200 अतिरिक्त लिया गया है बिना किसी कारण के।",hi,Fees_Accounts,fee_discrepancy,3,
123,"Data Structures ka lecture aur lab dono same time pe hai, clash ho raha hai.",hinglish,Academics,timetable_conflict,1,
527,"Fee payment gateway fail ho gaya lekin Rs. 1,200 account se kat gaya.",hinglish,Fees_Accounts,payment_gateway_issue,3,
625,Data Structures ki reference book library mein available nahi hai.,hinglish,IT_Library,book_availability,2,
192,"Please process my revaluation application for the the elective course exam, it has been 3 days.",en,Examinations,revaluation_request,3,
732,Furniture in the classroom is damaged and needs repair.,en,Infrastructure,classroom_maintenance,3,
1233,डाइटरी रिस्ट्रिक्शन वाले छात्रों के लिए बहुत कम विकल्प हैं।,hi,Canteen,menu_variety,2,
460,My scholarship status has not been updated on the portal for a week.,en,Fees_Accounts,scholarship_query,4,
1054,the Vasai route बस पीक आवर्स में बहुत भीड़भाड़ वाली होती है।,hi,Transport,overcrowding,3,
1306,There are very few options for students with dietary restrictions.,en,Canteen,menu_variety,2,1230
1209,Canteen ki prices bina notice ke badha di gayi hain.,hinglish,Canteen,pricing,2,
377,"फीस रसीद और पोर्टल राशि में Rs. 1,200 का अंतर है।",hi,Fees_Accounts,fee_discrepancy,3,
1249,Dietary restriction wale students ke liye bohot kam options hain.,hinglish,Canteen,menu_variety,1,
1147,कैंटीन के फूड काउंटर के पास कीड़े दिखे।,hi,Canteen,hygiene,2,
208,"मुझे Data Structures पेपर का रीवैल्यूएशन चाहिए, मार्क्स गलत लग रहे हैं।",hi,Examinations,revaluation_request,3,
258,Portal se hall ticket download nahi ho raha hai.,hinglish,Examinations,hall_ticket_issue,3,
1151,कैंटीन के फूड काउंटर के पास कीड़े दिखे।,hi,Canteen,hygiene,2,
685,We do not have access to the required software license in the lab.,en,IT_Library,software_license,3,
835,Block A के वॉशरूम नियमित रूप से साफ नहीं किए जा रहे हैं।,hi,Infrastructure,sanitation,3,
1261,"Fee payment gateway fail ho gaya lekin Rs. 1,200 account se kat gaya.",hinglish,Fees_Accounts,payment_gateway_issue,3,535
622,Library book issue hone mein 5 days ho gaye.,hinglish,IT_Library,book_availability,2,
1164,Canteen ka seating area properly clean nahi ho raha hai.,hinglish,Canteen,hygiene,1,
49,There was inappropriate behaviour by a visiting lecturer in class today.,en,Academics,faculty_conduct,2,
1225,There are very few options for students with dietary restrictions.,en,Canteen,menu_variety,2,
863,"There is exposed wiring near Block A 4th floor, this is a safety hazard.",en,Infrastructure,electrical_fault,3,
244,पोर्टल से हॉल टिकट डाउनलोड नहीं हो रहा है।,hi,Examinations,hall_ticket_issue,3,
1195,बेसिक खाने की कीमत क्वालिटी के मुकाबले बहुत ज्यादा है।,hi,Canteen,pricing,2,
1243,डाइटरी रिस्ट्रिक्शन वाले छात्रों के लिए बहुत कम विकल्प हैं।,hi,Canteen,menu_variety,2,
105,Two lectures for DBMS and another subject are scheduled at the same time.,en,Academics,timetable_conflict,1,
979,Route 2 bus 10 days se consistently 30+ minute late ho rahi hai.,hinglish,Transport,schedule_delay,5,
786,हॉस्टल रूम मेंटेनेंस रिक्वेस्ट पर कोई कार्रवाई नहीं हुई।,hi,Infrastructure,hostel_issue,2,
34,"Computer Networks ka syllabus bohot jaldi cover ho raha hai, samajh nahi aa raha.",hinglish,Academics,syllabus_pace,2,
555,The portal shows an error every time I try to access my results.,en,IT_Library,portal_access,2,
209,"मुझे Mumbai University semester exam पेपर का रीवैल्यूएशन चाहिए, मार्क्स गलत लग रहे हैं।",hi,Examinations,revaluation_request,3,
878,the main building में बार-बार बिजली कटौती से लैब सेशन बाधित हो रहे हैं।,hi,Infrastructure,electrical_fault,3,
64,the faculty ने क्लास में छात्रों के साथ बहुत बुरा व्यवहार किया।,hi,Academics,faculty_conduct,1,
150,Attendance was not updated even after submitting a medical certificate.,en,Academics,attendance_dispute,2,
257,Portal se hall ticket download nahi ho raha hai.,hinglish,Examinations,hall_ticket_issue,4,
1045,Students are forced to stand for the entire journey on the Vasai route.,en,Transport,overcrowding,4,
877,"Block B 3rd floor के पास खुली वायरिंग है, यह खतरनाक है।",hi,Infrastructure,electrical_fault,5,
274,Two of my exams including Data Structures are scheduled on the same day.,en,Examinations,exam_schedule_conflict,4,
887,Block C mein baar baar power cut se lab session disrupt ho raha hai.,hinglish,Infrastructure,electrical_fault,5,
58,a visiting lecturer was rude to students during the DBMS lecture.,en,Academics,faculty_conduct,2,
55,a professor was rude to students during the Data Structures lecture.,en,Academics,faculty_conduct,3,
149,My attendance for the elective course is marked wrong despite being present.,en,Academics,attendance_dispute,2,
391,"Mujhse semester fee mein Rs. 5,000 extra charge hua hai bina reason ke.",hinglish,Fees_Accounts,fee_discrepancy,4,
1253,Dietary restriction wale students ke liye bohot kam options hain.,hinglish,Canteen,menu_variety,2,
818,There is a sanitation issue near the 3rd floor corridor.,en,Infrastructure,sanitation,4,
758,"Classroom ka furniture damaged hai, repair chahiye.",hinglish,Infrastructure,classroom_maintenance,3,
867,"There is exposed wiring near Block C 3rd floor, this is a safety hazard.",en,Infrastructure,electrical_fault,4,
1198,बेसिक खाने की कीमत क्वालिटी के मुकाबले बहुत ज्यादा है।,hi,Canteen,pricing,1,
293,मेरी दो परीक्षाएं AI/ML सहित एक ही दिन पर हैं।,hi,Examinations,exam_schedule_conflict,2,
1018,कॉलेज बसों की उचित सुरक्षा जांच नहीं हो रही है।,hi,Transport,safety_concern,5,
428,मेरा Rs. 500 का रिफंड two weeks से पेंडिंग है।,hi,Fees_Accounts,refund_delay,3,
585,Result dekhne ki koshish karne pe portal error deta hai.,hinglish,IT_Library,portal_access,1,
492,Scholarship application ke baare mein koi update nahi mila.,hinglish,Fees_Accounts,scholarship_query,2,
1214,Canteen ki prices bina notice ke badha di gayi hain.,hinglish,Canteen,pricing,1,
361,"I was charged Rs. 1,200 extra in my semester fee without explanation.",en,Fees_Accounts,fee_discrepancy,3,
963,Route 4 बस 5 days से लगातार 30 मिनट से ज्यादा देर हो रही है।,hi,Transport,schedule_delay,5,
331,Data Structures के इंटरनल और एक्सटर्नल मार्क्स में अंतर है।,hi,Examinations,marks_discrepancy,2,
556,मैं 10 days से स्टूडेंट पोर्टल में लॉगिन नहीं कर पा रहा हूँ।,hi,IT_Library,portal_access,3,
992,There is no proper safety check being done on the college buses.,en,Transport,safety_concern,5,
1185,The price for a basic meal is too high compared to quality offered.,en,Canteen,pricing,2,
801,Hostel room maintenance request pe koi action nahi hua.,hinglish,Infrastructure,hostel_issue,3,
354,Computer Networks ke marks jo upload hue hain wo answer sheet se match nahi karte.,hinglish,Examinations,marks_discrepancy,3,
1047,The Route 4 bus is severely overcrowded during peak hours.,en,Transport,overcrowding,5,
215,"DBMS paper ka revaluation chahiye, marks galat lag rahe hain.",hinglish,Examinations,revaluation_request,3,
1242,"कैंटीन का मेनू महीनों से नहीं बदला, हमें और विविधता चाहिए।",hi,Canteen,menu_variety,2,
223,"AI/ML paper ka revaluation chahiye, marks galat lag rahe hain.",hinglish,Examinations,revaluation_request,3,
632,Wi-Fi in Block C has not been working for 10 days.,en,IT_Library,wifi_network,2,
771,Hostel room maintenance requests are not being addressed.,en,Infrastructure,hostel_issue,3,
1110,आज कैंटीन में खाना अधपका और ठंडा मिला।,hi,Canteen,food_quality,2,
1247,"Canteen ka menu mahino se nahi badla, hume aur variety chahiye.",hinglish,Canteen,menu_variety,2,
525,"फीस पेमेंट गेटवे फेल हो गया लेकिन Rs. 2,500 मेरे अकाउंट से कट गया।",hi,Fees_Accounts,payment_gateway_issue,3,
915,The college bus route was changed without prior notice.,en,Transport,bus_routing,4,
1057,Route 2 बस पीक आवर्स में बहुत भीड़भाड़ वाली होती है।,hi,Transport,overcrowding,4,
137,My attendance for Mumbai University semester exam is marked wrong despite being present.,en,Academics,attendance_dispute,1,
675,4th floor lab mein internet baar baar disconnect ho raha hai.,hinglish,IT_Library,wifi_network,2,
1280,The marks uploaded for Mumbai University semester exam do not match what was shown on the answer sheet.,en,Examinations,marks_discrepancy,2,322
352,Data Structures ke internal aur external marks mein mismatch hai.,hinglish,Examinations,marks_discrepancy,3,
1292,Scholarship application ke baare mein koi update nahi mila.,hinglish,Fees_Accounts,scholarship_query,2,487
281,Two of my exams including AI/ML are scheduled on the same day.,en,Examinations,exam_schedule_conflict,3,
750,"क्लासरूम का फर्नीचर खराब है, मरम्मत चाहिए।",hi,Infrastructure,classroom_maintenance,2,
1314,Medical certificate submit karne ke baad bhi attendance update nahi hui.,hinglish,Academics,attendance_dispute,2,168
394,"Fee receipt aur portal amount mein Rs. 1,200 ka difference hai.",hinglish,Fees_Accounts,fee_discrepancy,3,
1199,बेसिक खाने की कीमत क्वालिटी के मुकाबले बहुत ज्यादा है।,hi,Canteen,pricing,3,
1011,कॉलेज बसों की उचित सुरक्षा जांच नहीं हो रही है।,hi,Transport,safety_concern,5,
1244,"कैंटीन का मेनू महीनों से नहीं बदला, हमें और विविधता चाहिए।",hi,Canteen,menu_variety,1,
397,"Fee receipt aur portal amount mein Rs. 2,500 ka difference hai.",hinglish,Fees_Accounts,fee_discrepancy,3,
1092,The food quality in the canteen has dropped significantly this month.,en,Canteen,food_quality,2,
132,"AI/ML ka lecture aur lab dono same time pe hai, clash ho raha hai.",hinglish,Academics,timetable_conflict,2,
178,"Computer Networks mein meri attendance galat show ho rahi hai, main present tha.",hinglish,Academics,attendance_dispute,2,
593,The reference book for Mumbai University semester exam is not available in the library.,en,IT_Library,book_availability,2,
182,"I want to request revaluation for my Computer Networks paper, marks seem incorrect.",en,Examinations,revaluation_request,4,
981,Route 2 bus a week se consistently 30+ minute late ho rahi hai.,hinglish,Transport,schedule_delay,5,
780,The hostel water supply has been irregular for a week.,en,Infrastructure,hostel_issue,4,
600,The reference book for Computer Networks is not available in the library.,en,IT_Library,book_availability,2,
753,"Classroom ka furniture damaged hai, repair chahiye.",hinglish,Infrastructure,classroom_maintenance,3,
1111,Aaj canteen mein khana undercooked aur thanda mila.,hinglish,Canteen,food_quality,1,
1079,Route 4 bus peak hours mein bohot overcrowded hoti hai.,hinglish,Transport,overcrowding,4,
1008,"Route 7 बस का ड्राइवर तेज़ गति से चला रहा था, असुरक्षित महसूस हुआ।",hi,Transport,safety_concern,5,
1004,There is no proper safety check being done on the college buses.,en,Transport,safety_concern,5,
916,कॉलेज बस रूट बिना सूचना के बदल दिया गया।,hi,Transport,bus_routing,4,
1014,कॉलेज बसों की उचित सुरक्षा जांच नहीं हो रही है।,hi,Transport,safety_concern,5,
952,"Bus timing is unreliable, we keep missing the first lecture.",en,Transport,schedule_delay,4,
1313,I have been waiting a week for a library book to be issued.,en,IT_Library,book_availability,1,598
1257,"Canteen ka menu mahino se nahi badla, hume aur variety chahiye.",hinglish,Canteen,menu_variety,2,
1146,कैंटीन के फूड काउंटर के पास कीड़े दिखे।,hi,Canteen,hygiene,2,
923,"the Vasai route बस अब हमारे स्टॉप पर नहीं आती, कृपया रूट देखें।",hi,Transport,bus_routing,4,
991,The Route 4 bus driver was overspeeding and it felt unsafe.,en,Transport,safety_concern,5,
775,The hostel water supply has been irregular for a week.,en,Infrastructure,hostel_issue,3,
425,"मेरा Rs. 2,500 का रिफंड 10 days से पेंडिंग है।",hi,Fees_Accounts,refund_delay,3,
933,"Route 2 bus ab hamare stop pe nahi aati, please route check karo.",hinglish,Transport,bus_routing,5,
1321,I am unable to log into the student portal for a week.,en,IT_Library,portal_access,2,543
1210,Canteen ki prices bina notice ke badha di gayi hain.,hinglish,Canteen,pricing,3,
469,मेरी स्कॉलरशिप स्थिति पोर्टल पर 10 days से अपडेट नहीं हुई है।,hi,Fees_Accounts,scholarship_query,3,
221,"Revaluation application diye 10 days ho gaye, please process karo.",hinglish,Examinations,revaluation_request,3,
403,Fee receipt aur portal amount mein Rs. 500 ka difference hai.,hinglish,Fees_Accounts,fee_discrepancy,3,
124,"the elective course ka lecture aur lab dono same time pe hai, clash ho raha hai.",hinglish,Academics,timetable_conflict,1,
967,"बस का समय अनिश्चित है, हमारी पहली क्लास छूट जाती है।",hi,Transport,schedule_delay,5,
201,"रीवैल्यूएशन एप्लीकेशन दिए हुए two weeks हो गए, कृपया प्रोसेस करें।",hi,Examinations,revaluation_request,3,
788,हॉस्टल में पानी की सप्लाई 5 days से अनियमित है।,hi,Infrastructure,hostel_issue,3,
261,Portal se hall ticket download nahi ho raha hai.,hinglish,Examinations,hall_ticket_issue,3,
1061,the Vasai route बस पीक आवर्स में बहुत भीड़भाड़ वाली होती है।,hi,Transport,overcrowding,4,
1024,College buses ki proper safety check nahi ho rahi hai.,hinglish,Transport,safety_concern,5,
144,Attendance was not updated even after submitting a medical certificate.,en,Academics,attendance_dispute,2,
505,"The fee payment gateway failed but Rs. 1,200 was deducted from my account.",en,Fees_Accounts,payment_gateway_issue,3,
966,"बस का समय अनिश्चित है, हमारी पहली क्लास छूट जाती है।",hi,Transport,schedule_delay,4,
1093,The food quality in the canteen has dropped significantly this month.,en,Canteen,food_quality,3,
891,"the library building 4th floor ke paas exposed wiring hai, ye safety hazard hai.",hinglish,Infrastructure,electrical_fault,3,
1015,"Route 4 बस का ड्राइवर तेज़ गति से चला रहा था, असुरक्षित महसूस हुआ।",hi,Transport,safety_concern,5,
1108,कैंटीन में खाने की क्वालिटी इस महीने काफी गिर गई है।,hi,Canteen,food_quality,2,
922,कॉलेज बस रूट बिना सूचना के बदल दिया गया।,hi,Transport,bus_routing,4,
299,परीक्षा डेटशीट दूसरे विषय की परीक्षा से टकरा रही है।,hi,Examinations,exam_schedule_conflict,4,
649,Block B में वाईफाई 10 days से काम नहीं कर रहा है।,hi,IT_Library,wifi_network,1,
1245,डाइटरी रिस्ट्रिक्शन वाले छात्रों के लिए बहुत कम विकल्प हैं।,hi,Canteen,menu_variety,2,
687,The licensed software for Data Structures lab has expired and needs renewal.,en,IT_Library,software_license,2,
1258,Dietary restriction wale students ke liye bohot kam options hain.,hinglish,Canteen,menu_variety,1,
228,My hall ticket for the Computer Networks exam has an incorrect seat number.,en,Examinations,hall_ticket_issue,3,
100,Two lectures for Computer Networks and another subject are scheduled at the same time.,en,Academics,timetable_conflict,2,
1168,Canteen ke food counter ke paas insects dikhe.,hinglish,Canteen,hygiene,1,
1311,"मेरा Rs. 1,200 का रिफंड 5 days से पेंडिंग है।",hi,Fees_Accounts,refund_delay,2,424
761,the library building ground floor classroom ka projector 10 days se kharab hai.,hinglish,Infrastructure,classroom_maintenance,4,
673,the main building mein WiFi two weeks se kaam nahi kar raha hai.,hinglish,IT_Library,wifi_network,2,
485,Scholarship application ke baare mein koi update nahi mila.,hinglish,Fees_Accounts,scholarship_query,2,
1084,The food quality in the canteen has dropped significantly this month.,en,Canteen,food_quality,2,
635,The internet connection in the 2nd floor lab keeps disconnecting.,en,IT_Library,wifi_network,2,
574,Result dekhne ki koshish karne pe portal error deta hai.,hinglish,IT_Library,portal_access,2,
340,Data Structures के लिए अपलोड किए गए मार्क्स आंसर शीट से मेल नहीं खाते।,hi,Examinations,marks_discrepancy,3,
1300,"Computer Networks की क्लास और लैब का समय एक साथ है, टकराव हो रहा है।",hi,Academics,timetable_conflict,3,112
724,Furniture in the classroom is damaged and needs repair.,en,Infrastructure,classroom_maintenance,4,
740,"क्लासरूम का फर्नीचर खराब है, मरम्मत चाहिए।",hi,Infrastructure,classroom_maintenance,3,
373,"There is a discrepancy of Rs. 1,200 between the fee receipt and portal amount.",en,Fees_Accounts,fee_discrepancy,2,
350,Mumbai University semester exam ke internal aur external marks mein mismatch hai.,hinglish,Examinations,marks_discrepancy,3,
810,Hostel mein paani ki supply 10 days se irregular hai.,hinglish,Infrastructure,hostel_issue,3,
866,Frequent power cuts in Block B are disrupting lab sessions.,en,Infrastructure,electrical_fault,3,
1159,Canteen ke food counter ke paas insects dikhe.,hinglish,Canteen,hygiene,2,
212,"Revaluation application diye 10 days ho gaye, please process karo.",hinglish,Examinations,revaluation_request,3,
576,Result dekhne ki koshish karne pe portal error deta hai.,hinglish,IT_Library,portal_access,2,
521,"फीस पेमेंट गेटवे फेल हो गया लेकिन Rs. 1,200 मेरे अकाउंट से कट गया।",hi,Fees_Accounts,payment_gateway_issue,4,
312,Meri do exams including AI/ML same din pe hain.,hinglish,Examinations,exam_schedule_conflict,4,
653,Block A में वाईफाई 5 days से काम नहीं कर रहा है।,hi,IT_Library,wifi_network,2,
1282,"मुझे Data Structures पेपर का रीवैल्यूएशन चाहिए, मार्क्स गलत लग रहे हैं।",hi,Examinations,revaluation_request,3,208
1124,Aaj canteen mein khana undercooked aur thanda mila.,hinglish,Canteen,food_quality,2,
94,Two lectures for the elective course and another subject are scheduled at the same time.,en,Academics,timetable_conflict,3,
1,The Data Structures syllabus is being rushed and we are not able to understand the concepts.,en,Academics,syllabus_pace,2,
563,मैं 5 days से स्टूडेंट पोर्टल में लॉगिन नहीं कर पा रहा हूँ।,hi,IT_Library,portal_access,1,
571,Result dekhne ki koshish karne pe portal error deta hai.,hinglish,IT_Library,portal_access,1,
37,"Computer Networks ka syllabus bohot jaldi cover ho raha hai, samajh nahi aa raha.",hinglish,Academics,syllabus_pace,3,
423,"मेरा Rs. 2,500 का रिफंड a week से पेंडिंग है।",hi,Fees_Accounts,refund_delay,3,
962,Route 7 बस a week से लगातार 30 मिनट से ज्यादा देर हो रही है।,hi,Transport,schedule_delay,4,
994,The Route 2 bus driver was overspeeding and it felt unsafe.,en,Transport,safety_concern,4,
1006,कॉलेज बसों की उचित सुरक्षा जांच नहीं हो रही है।,hi,Transport,safety_concern,5,
932,College bus route bina notice ke change kar diya gaya.,hinglish,Transport,bus_routing,4,
890,"the main building 4th floor ke paas exposed wiring hai, ye safety hazard hai.",hinglish,Infrastructure,electrical_fault,4,
122,New timetable purane schedule se clash kar raha hai.,hinglish,Academics,timetable_conflict,3,
324,The marks uploaded for Mumbai University semester exam do not match what was shown on the answer sheet.,en,Examinations,marks_discrepancy,4,
1251,Dietary restriction wale students ke liye bohot kam options hain.,hinglish,Canteen,menu_variety,2,
1178,The price for a basic meal is too high compared to quality offered.,en,Canteen,pricing,2,
91,Two lectures for AI/ML and another subject are scheduled at the same time.,en,Academics,timetable_conflict,1,
1135,The canteen seating area is not being cleaned properly.,en,Canteen,hygiene,3,
587,The reference book for Computer Networks is not available in the library.,en,IT_Library,book_availability,3,
925,कॉलेज बस रूट बिना सूचना के बदल दिया गया।,hi,Transport,bus_routing,3,
471,मुझे स्कॉलरशिप एप्लीकेशन के बारे में कोई अपडेट नहीं मिला।,hi,Fees_Accounts,scholarship_query,3,
81,a visiting lecturer ne class mein bohot rudely behave kiya students ke saath.,hinglish,Academics,faculty_conduct,2,
869,Frequent power cuts in the new wing are disrupting lab sessions.,en,Infrastructure,electrical_fault,3,
413,I still have not received my caution deposit refund after a week.,en,Fees_Accounts,refund_delay,3,
388,मुझसे सेमेस्टर फीस में Rs. 500 अतिरिक्त लिया गया है बिना किसी कारण के।,hi,Fees_Accounts,fee_discrepancy,3,
738,"क्लासरूम का फर्नीचर खराब है, मरम्मत चाहिए।",hi,Infrastructure,classroom_maintenance,2,
1132,There were insects near the food counter at the canteen.,en,Canteen,hygiene,1,
229,My hall ticket for the the elective course exam has an incorrect seat number.,en,Examinations,hall_ticket_issue,2,
520,"फीस पेमेंट गेटवे फेल हो गया लेकिन Rs. 8,000 मेरे अकाउंट से कट गया।",hi,Fees_Accounts,payment_gateway_issue,4,
1114,Aaj canteen mein khana undercooked aur thanda mila.,hinglish,Canteen,food_quality,3,
285,Two of my exams including the elective course are scheduled on the same day.,en,Examinations,exam_schedule_conflict,3,
870,Frequent power cuts in the new wing are disrupting lab sessions.,en,Infrastructure,electrical_fault,4,
1279,"the main building 4th floor ke paas exposed wiring hai, ye safety hazard hai.",hinglish,Infrastructure,electrical_fault,4,890
329,The marks uploaded for AI/ML do not match what was shown on the answer sheet.,en,Examinations,marks_discrepancy,3,
504,"The fee payment gateway failed but Rs. 5,000 was deducted from my account.",en,Fees_Accounts,payment_gateway_issue,2,
855,4th floor corridor ke paas safai ki problem hai.,hinglish,Infrastructure,sanitation,3,
170,"Computer Networks mein meri attendance galat show ho rahi hai, main present tha.",hinglish,Academics,attendance_dispute,1,
508,I am unable to complete fee payment due to a gateway error.,en,Fees_Accounts,payment_gateway_issue,4,
481,Scholarship application ke baare mein koi update nahi mila.,hinglish,Fees_Accounts,scholarship_query,2,
518,"फीस पेमेंट गेटवे फेल हो गया लेकिन Rs. 2,500 मेरे अकाउंट से कट गया।",hi,Fees_Accounts,payment_gateway_issue,4,
1270,"I want to request revaluation for my DBMS paper, marks seem incorrect.",en,Examinations,revaluation_request,3,191
659,Block C में वाईफाई a week से काम नहीं कर रहा है।,hi,IT_Library,wifi_network,3,
12,The Data Structures syllabus is being rushed and we are not able to understand the concepts.,en,Academics,syllabus_pace,2,
56,a visiting lecturer was rude to students during the Data Structures lecture.,en,Academics,faculty_conduct,1,
628,Library book issue hone mein two weeks ho gaye.,hinglish,IT_Library,book_availability,3,
572,Result dekhne ki koshish karne pe portal error deta hai.,hinglish,IT_Library,portal_access,2,
859,"There is exposed wiring near Block A 4th floor, this is a safety hazard.",en,Infrastructure,electrical_fault,4,
808,Hostel room maintenance request pe koi action nahi hua.,hinglish,Infrastructure,hostel_issue,3,
657,the library building में वाईफाई 5 days से काम नहीं कर रहा है।,hi,IT_Library,wifi_network,2,
1005,The the Vasai route bus driver was overspeeding and it felt unsafe.,en,Transport,safety_concern,5,
1226,"The canteen menu has not changed in months, we want more variety.",en,Canteen,menu_variety,2,
1137,The canteen seating area is not being cleaned properly.,en,Canteen,hygiene,2,
494,Scholarship application ke baare mein koi update nahi mila.,hinglish,Fees_Accounts,scholarship_query,3,
1001,There is no proper safety check being done on the college buses.,en,Transport,safety_concern,5,
1055,the Vasai route बस पीक आवर्स में बहुत भीड़भाड़ वाली होती है।,hi,Transport,overcrowding,3,
1087,The food quality in the canteen has dropped significantly this month.,en,Canteen,food_quality,2,
444,"Mera Rs. 8,000 ka refund 3 days se pending hai.",hinglish,Fees_Accounts,refund_delay,2,
831,3rd floor गलियारे के पास सफाई की समस्या है।,hi,Infrastructure,sanitation,3,
634,Wi-Fi in Block A has not been working for a week.,en,IT_Library,wifi_network,2,
903,The college bus route was changed without prior notice.,en,Transport,bus_routing,3,
872,"the library building 2nd floor के पास खुली वायरिंग है, यह खतरनाक है।",hi,Infrastructure,electrical_fault,3,
883,"Block C 4th floor के पास खुली वायरिंग है, यह खतरनाक है।",hi,Infrastructure,electrical_fault,5,
1095,The food quality in the canteen has dropped significantly this month.,en,Canteen,food_quality,1,
347,Computer Networks ke marks jo upload hue hain wo answer sheet se match nahi karte.,hinglish,Examinations,marks_discrepancy,3,
861,"There is exposed wiring near Block C 4th floor, this is a safety hazard.",en,Infrastructure,electrical_fault,4,
959,"Bus timing is unreliable, we keep missing the first lecture.",en,Transport,schedule_delay,4,
1117,Aaj canteen mein khana undercooked aur thanda mila.,hinglish,Canteen,food_quality,3,
742,Block B ground floor की क्लास का प्रोजेक्टर 5 days से खराब है।,hi,Infrastructure,classroom_maintenance,4,
591,I have been waiting a week for a library book to be issued.,en,IT_Library,book_availability,1,
1123,Aaj canteen mein khana undercooked aur thanda mila.,hinglish,Canteen,food_quality,1,
538,Gateway error ki wajah se fee payment complete nahi ho raha.,hinglish,Fees_Accounts,payment_gateway_issue,3,
791,हॉस्टल में पानी की सप्लाई 5 days से अनियमित है।,hi,Infrastructure,hostel_issue,3,
722,Furniture in the classroom is damaged and needs repair.,en,Infrastructure,classroom_maintenance,3,
13,The DBMS syllabus is being rushed and we are not able to understand the concepts.,en,Academics,syllabus_pace,2,
322,The marks uploaded for Mumbai University semester exam do not match what was shown on the answer sheet.,en,Examinations,marks_discrepancy,2,
671,3rd floor lab mein internet baar baar disconnect ho raha hai.,hinglish,IT_Library,wifi_network,2,
268,Mera hall ticket mein seat number galat hai DBMS exam ke liye.,hinglish,Examinations,hall_ticket_issue,3,
65,a professor ने क्लास में छात्रों के साथ बहुत बुरा व्यवहार किया।,hi,Academics,faculty_conduct,1,
48,There was inappropriate behaviour by the HOD in class today.,en,Academics,faculty_conduct,1,
452,My scholarship status has not been updated on the portal for 3 days.,en,Fees_Accounts,scholarship_query,3,
422,a week बाद भी मेरा कॉशन डिपॉजिट रिफंड नहीं मिला।,hi,Fees_Accounts,refund_delay,2,
802,Hostel room maintenance request pe koi action nahi hua.,hinglish,Infrastructure,hostel_issue,2,
500,I am unable to complete fee payment due to a gateway error.,en,Fees_Accounts,payment_gateway_issue,3,
1297,The canteen seating area is not being cleaned properly.,en,Canteen,hygiene,2,1126
134,"Computer Networks ka lecture aur lab dono same time pe hai, clash ho raha hai.",hinglish,Academics,timetable_conflict,2,
958,The Route 7 bus has been consistently late by 30+ minutes for two weeks.,en,Transport,schedule_delay,4,
701,लैब में जरूरी सॉफ्टवेयर लाइसेंस उपलब्ध नहीं है।,hi,IT_Library,software_license,3,
30,"AI/ML का सिलेबस बहुत जल्दी पढ़ाया जा रहा है, समझ नहीं आ रहा।",hi,Academics,syllabus_pace,1,
627,AI/ML ki reference book library mein available nahi hai.,hinglish,IT_Library,book_availability,2,
1230,There are very few options for students with dietary restrictions.,en,Canteen,menu_variety,2,
1090,I found the food undercooked and cold at the canteen today.,en,Canteen,food_quality,3,
1133,The canteen seating area is not being cleaned properly.,en,Canteen,hygiene,3,
1154,कैंटीन का बैठने का क्षेत्र ठीक से साफ नहीं किया जा रहा है।,hi,Canteen,hygiene,2,
837,Block C के वॉशरूम नियमित रूप से साफ नहीं किए जा रहे हैं।,hi,Infrastructure,sanitation,4,
695,लैब में जरूरी सॉफ्टवेयर लाइसेंस उपलब्ध नहीं है।,hi,IT_Library,software_license,3,
583,Result dekhne ki koshish karne pe portal error deta hai.,hinglish,IT_Library,portal_access,1,
495,Scholarship application ke baare mein koi update nahi mila.,hinglish,Fees_Accounts,scholarship_query,3,
605,लाइब्रेरी की किताब मिलने में 10 days हो गए।,hi,IT_Library,book_availability,3,
1169,Canteen ke food counter ke paas insects dikhe.,hinglish,Canteen,hygiene,1,
107,"Mumbai University semester exam की क्लास और लैब का समय एक साथ है, टकराव हो रहा है।",hi,Academics,timetable_conflict,3,
164,मेडिकल सर्टिफिकेट देने के बाद भी अटेंडेंस अपडेट नहीं हुई।,hi,Academics,attendance_dispute,2,
61,आज क्लास में the faculty का व्यवहार सही नहीं था।,hi,Academics,faculty_conduct,2,
744,Block C 3rd floor की क्लास का प्रोजेक्टर 5 days से खराब है।,hi,Infrastructure,classroom_maintenance,3,
713,"DBMS lab ka licensed software expire ho gaya hai, renew chahiye.",hinglish,IT_Library,software_license,2,
136,Attendance was not updated even after submitting a medical certificate.,en,Academics,attendance_dispute,2,
1193,बेसिक खाने की कीमत क्वालिटी के मुकाबले बहुत ज्यादा है।,hi,Canteen,pricing,2,
171,Medical certificate submit karne ke baad bhi attendance update nahi hui.,hinglish,Academics,attendance_dispute,3,
665,4th floor lab mein internet baar baar disconnect ho raha hai.,hinglish,IT_Library,wifi_network,2,
432,3 days बाद भी मेरा कॉशन डिपॉजिट रिफंड नहीं मिला।,hi,Fees_Accounts,refund_delay,2,
490,Scholarship application ke baare mein koi update nahi mila.,hinglish,Fees_Accounts,scholarship_query,4,
928,कॉलेज बस रूट बिना सूचना के बदल दिया गया।,hi,Transport,bus_routing,4,
1181,The price for a basic meal is too high compared to quality offered.,en,Canteen,pricing,2,
279,Two of my exams including Data Structures are scheduled on the same day.,en,Examinations,exam_schedule_conflict,3,
1302,"Faculty is covering AI/ML too fast, students are struggling to keep up.",en,Academics,syllabus_pace,2,8
410,I still have not received my caution deposit refund after 3 days.,en,Fees_Accounts,refund_delay,3,
1049,Students are forced to stand for the entire journey on Route 7.,en,Transport,overcrowding,4,
893,"the main building 3rd floor ke paas exposed wiring hai, ye safety hazard hai.",hinglish,Infrastructure,electrical_fault,4,
188,"Please process my revaluation application for the Mumbai University semester exam exam, it has been 10 days.",en,Examinations,revaluation_request,3,
984,"Bus timing unreliable hai, first lecture miss ho jata hai.",hinglish,Transport,schedule_delay,4,
382,"फीस रसीद और पोर्टल राशि में Rs. 1,200 का अंतर है।",hi,Fees_Accounts,fee_discrepancy,2,
96,The revised timetable clashes with our lab sessions.,en,Academics,timetable_conflict,3,
751,the library building 3rd floor classroom ka projector 5 days se kharab hai.,hinglish,Infrastructure,classroom_maintenance,4,
275,The exam datesheet clashes with another subject's exam.,en,Examinations,exam_schedule_conflict,3,
1212,Basic meal ki price quality ke comparison mein bohot zyada hai.,hinglish,Canteen,pricing,2,
449,5 days baad bhi caution deposit refund nahi mila.,hinglish,Fees_Accounts,refund_delay,3,
881,"Block C 3rd floor के पास खुली वायरिंग है, यह खतरनाक है।",hi,Infrastructure,electrical_fault,4,
337,Mumbai University semester exam के इंटरनल और एक्सटर्नल मार्क्स में अंतर है।,hi,Examinations,marks_discrepancy,3,
175,"Data Structures mein meri attendance galat show ho rahi hai, main present tha.",hinglish,Academics,attendance_dispute,2,
663,Block C mein WiFi two weeks se kaam nahi kar raha hai.,hinglish,IT_Library,wifi_network,3,
680,We do not have access to the required software license in the lab.,en,IT_Library,software_license,2,
142,Attendance was not updated even after submitting a medical certificate.,en,Academics,attendance_dispute,2,
1317,Wi-Fi in Block C has not been working for 10 days.,en,IT_Library,wifi_network,2,632
986,"Bus timing unreliable hai, first lecture miss ho jata hai.",hinglish,Transport,schedule_delay,3,
777,Hostel room maintenance requests are not being addressed.,en,Infrastructure,hostel_issue,4,
98,Two lectures for Computer Networks and another subject are scheduled at the same time.,en,Academics,timetable_conflict,2,
927,"Route 2 बस अब हमारे स्टॉप पर नहीं आती, कृपया रूट देखें।",hi,Transport,bus_routing,4,
1319,"बस का समय अनिश्चित है, हमारी पहली क्लास छूट जाती है।",hi,Transport,schedule_delay,3,965
437,3 days baad bhi caution deposit refund nahi mila.,hinglish,Fees_Accounts,refund_delay,2,
321,There is a mismatch between internal and external marks for DBMS.,en,Examinations,marks_discrepancy,3,
694,लैब में जरूरी सॉफ्टवेयर लाइसेंस उपलब्ध नहीं है।,hi,IT_Library,software_license,3,
821,Washrooms in the new wing are not being cleaned regularly.,en,Infrastructure,sanitation,3,
369,"I was charged Rs. 5,000 extra in my semester fee without explanation.",en,Fees_Accounts,fee_discrepancy,2,
983,"Bus timing unreliable hai, first lecture miss ho jata hai.",hinglish,Transport,schedule_delay,4,
876,Block C में बार-बार बिजली कटौती से लैब सेशन बाधित हो रहे हैं।,hi,Infrastructure,electrical_fault,3,
1262,"DBMS paper ka revaluation chahiye, marks galat lag rahe hain.",hinglish,Examinations,revaluation_request,3,215
833,2nd floor गलियारे के पास सफाई की समस्या है।,hi,Infrastructure,sanitation,3,
103,Two lectures for Data Structures and another subject are scheduled at the same time.,en,Academics,timetable_conflict,3,
52,the HOD was rude to students during the AI/ML lecture.,en,Academics,faculty_conduct,2,
476,मुझे स्कॉलरशिप एप्लीकेशन के बारे में कोई अपडेट नहीं मिला।,hi,Fees_Accounts,scholarship_query,2,
1138,There were insects near the food counter at the canteen.,en,Canteen,hygiene,2,
1246,"Canteen ka menu mahino se nahi badla, hume aur variety chahiye.",hinglish,Canteen,menu_variety,2,
468,मेरी स्कॉलरशिप स्थिति पोर्टल पर 5 days से अपडेट नहीं हुई है।,hi,Fees_Accounts,scholarship_query,2,
237,I am unable to download my hall ticket from the portal.,en,Examinations,hall_ticket_issue,4,
660,Block B में वाईफाई 5 days से काम नहीं कर रहा है।,hi,IT_Library,wifi_network,3,
1078,Route 4 bus peak hours mein bohot overcrowded hoti hai.,hinglish,Transport,overcrowding,3,
909,The college bus route was changed without prior notice.,en,Transport,bus_routing,4,
1009,"the Vasai route बस का ड्राइवर तेज़ गति से चला रहा था, असुरक्षित महसूस हुआ।",hi,Transport,safety_concern,5,
741,"क्लासरूम का फर्नीचर खराब है, मरम्मत चाहिए।",hi,Infrastructure,classroom_maintenance,3,
1229,There are very few options for students with dietary restrictions.,en,Canteen,menu_variety,2,
943,"Route 7 bus ab hamare stop pe nahi aati, please route check karo.",hinglish,Transport,bus_routing,4,
799,Hostel mein paani ki supply a week se irregular hai.,hinglish,Infrastructure,hostel_issue,3,
93,The revised timetable clashes with our lab sessions.,en,Academics,timetable_conflict,1,
153,DBMS में मेरी अटेंडेंस गलत दिखाई जा रही है जबकि मैं क्लास में था।,hi,Academics,attendance_dispute,1,
506,The fee payment gateway failed but Rs. 500 was deducted from my account.,en,Fees_Accounts,payment_gateway_issue,3,
686,We do not have access to the required software license in the lab.,en,IT_Library,software_license,2,
588,The reference book for Computer Networks is not available in the library.,en,IT_Library,book_availability,2,
856,Frequent power cuts in Block B are disrupting lab sessions.,en,Infrastructure,electrical_fault,4,
114,"Computer Networks की क्लास और लैब का समय एक साथ है, टकराव हो रहा है।",hi,Academics,timetable_conflict,2,
1316,I am unable to download my hall ticket from the portal.,en,Examinations,hall_ticket_issue,4,237
1075,Route 4 bus peak hours mein bohot overcrowded hoti hai.,hinglish,Transport,overcrowding,4,
14,"Faculty is covering Data Structures too fast, students are struggling to keep up.",en,Academics,syllabus_pace,2,
3,The Computer Networks syllabus is being rushed and we are not able to understand the concepts.,en,Academics,syllabus_pace,3,
241,मेरे हॉल टिकट में सीट नंबर गलत है Data Structures परीक्षा के लिए।,hi,Examinations,hall_ticket_issue,3,
339,Mumbai University semester exam के लिए अपलोड किए गए मार्क्स आंसर शीट से मेल नहीं खाते।,hi,Examinations,marks_discrepancy,3,
1103,आज कैंटीन में खाना अधपका और ठंडा मिला।,hi,Canteen,food_quality,2,
1236,डाइटरी रिस्ट्रिक्शन वाले छात्रों के लिए बहुत कम विकल्प हैं।,hi,Canteen,menu_variety,3,
213,"Revaluation application diye two weeks ho gaye, please process karo.",hinglish,Examinations,revaluation_request,3,
509,I am unable to complete fee payment due to a gateway error.,en,Fees_Accounts,payment_gateway_issue,4,
1231,डाइटरी रिस्ट्रिक्शन वाले छात्रों के लिए बहुत कम विकल्प हैं।,hi,Canteen,menu_variety,2,
41,"AI/ML ka syllabus bohot jaldi cover ho raha hai, samajh nahi aa raha.",hinglish,Academics,syllabus_pace,3,
165,DBMS में मेरी अटेंडेंस गलत दिखाई जा रही है जबकि मैं क्लास में था।,hi,Academics,attendance_dispute,2,
1267,The marks uploaded for DBMS do not match what was shown on the answer sheet.,en,Examinations,marks_discrepancy,3,330
420,I still have not received my caution deposit refund after a week.,en,Fees_Accounts,refund_delay,4,
721,The projector in Block B 4th floor classroom has been broken for 3 days.,en,Infrastructure,classroom_maintenance,3,
367,"I was charged Rs. 5,000 extra in my semester fee without explanation.",en,Fees_Accounts,fee_discrepancy,4,
1239,"कैंटीन का मेनू महीनों से नहीं बदला, हमें और विविधता चाहिए।",hi,Canteen,menu_variety,3,
536,Gateway error ki wajah se fee payment complete nahi ho raha.,hinglish,Fees_Accounts,payment_gateway_issue,3,
852,the main building ke washroom regularly clean nahi ho rahe hain.,hinglish,Infrastructure,sanitation,3,
270,Portal se hall ticket download nahi ho raha hai.,hinglish,Examinations,hall_ticket_issue,2,
797,Hostel mein paani ki supply 3 days se irregular hai.,hinglish,Infrastructure,hostel_issue,3,
1017,कॉलेज बसों की उचित सुरक्षा जांच नहीं हो रही है।,hi,Transport,safety_concern,5,
624,Library book issue hone mein 10 days ho gaye.,hinglish,IT_Library,book_availability,3,
204,"मुझे Mumbai University semester exam पेपर का रीवैल्यूएशन चाहिए, मार्क्स गलत लग रहे हैं।",hi,Examinations,revaluation_request,3,
510,I am unable to complete fee payment due to a gateway error.,en,Fees_Accounts,payment_gateway_issue,3,
109,"Computer Networks की क्लास और लैब का समय एक साथ है, टकराव हो रहा है।",hi,Academics,timetable_conflict,3,
804,Hostel mein paani ki supply 5 days se irregular hai.,hinglish,Infrastructure,hostel_issue,3,
1102,आज कैंटीन में खाना अधपका और ठंडा मिला।,hi,Canteen,food_quality,2,
290,मेरी दो परीक्षाएं Computer Networks सहित एक ही दिन पर हैं।,hi,Examinations,exam_schedule_conflict,3,
121,New timetable purane schedule se clash kar raha hai.,hinglish,Academics,timetable_conflict,3,
633,The internet connection in the ground floor lab keeps disconnecting.,en,IT_Library,wifi_network,2,
737,"क्लासरूम का फर्नीचर खराब है, मरम्मत चाहिए।",hi,Infrastructure,classroom_maintenance,3,
524,"फीस पेमेंट गेटवे फेल हो गया लेकिन Rs. 1,200 मेरे अकाउंट से कट गया।",hi,Fees_Accounts,payment_gateway_issue,2,
108,नया टाइमटेबल पुराने शेड्यूल से टकरा रहा है।,hi,Academics,timetable_conflict,3,
851,ground floor corridor ke paas safai ki problem hai.,hinglish,Infrastructure,sanitation,3,
1033,College buses ki proper safety check nahi ho rahi hai.,hinglish,Transport,safety_concern,4,
141,My attendance for Data Structures is marked wrong despite being present.,en,Academics,attendance_dispute,2,
718,Lab mein zaroori software license available nahi hai.,hinglish,IT_Library,software_license,2,
1213,Basic meal ki price quality ke comparison mein bohot zyada hai.,hinglish,Canteen,pricing,1,
1189,बेसिक खाने की कीमत क्वालिटी के मुकाबले बहुत ज्यादा है।,hi,Canteen,pricing,2,
277,The exam datesheet clashes with another subject's exam.,en,Examinations,exam_schedule_conflict,3,
980,Route 4 bus 10 days se consistently 30+ minute late ho rahi hai.,hinglish,Transport,schedule_delay,4,
1068,Students ko Route 2 pe poori journey khade hoke karni padti hai.,hinglish,Transport,overcrowding,4,
1175,Canteen prices were increased without any notice to students.,en,Canteen,pricing,2,
934,College bus route bina notice ke change kar diya gaya.,hinglish,Transport,bus_routing,5,
431,3 days बाद भी मेरा कॉशन डिपॉजिट रिफंड नहीं मिला।,hi,Fees_Accounts,refund_delay,3,
1051,Route 4 बस पीक आवर्स में बहुत भीड़भाड़ वाली होती है।,hi,Transport,overcrowding,4,
1036,The Route 2 bus is severely overcrowded during peak hours.,en,Transport,overcrowding,4,
646,Block C में वाईफाई 3 days से काम नहीं कर रहा है।,hi,IT_Library,wifi_network,1,
1089,I found the food undercooked and cold at the canteen today.,en,Canteen,food_quality,1,
712,Lab mein zaroori software license available nahi hai.,hinglish,IT_Library,software_license,2,
211,"Revaluation application diye a week ho gaye, please process karo.",hinglish,Examinations,revaluation_request,3,
157,मेडिकल सर्टिफिकेट देने के बाद भी अटेंडेंस अपडेट नहीं हुई।,hi,Academics,attendance_dispute,1,
719,Lab mein zaroori software license available nahi hai.,hinglish,IT_Library,software_license,2,
486,Scholarship application ke baare mein koi update nahi mila.,hinglish,Fees_Accounts,scholarship_query,2,
1273,"Canteen ka menu mahino se nahi badla, hume aur variety chahiye.",hinglish,Canteen,menu_variety,2,1257
1034,College buses ki proper safety check nahi ho rahi hai.,hinglish,Transport,safety_concern,5,
1064,Route 2 बस पीक आवर्स में बहुत भीड़भाड़ वाली होती है।,hi,Transport,overcrowding,3,
390,"फीस रसीद और पोर्टल राशि में Rs. 8,000 का अंतर है।",hi,Fees_Accounts,fee_discrepancy,3,
455,My scholarship status has not been updated on the portal for two weeks.,en,Fees_Accounts,scholarship_query,4,
427,"मेरा Rs. 8,000 का रिफंड two weeks से पेंडिंग है।",hi,Fees_Accounts,refund_delay,3,
1037,The Route 2 bus is severely overcrowded during peak hours.,en,Transport,overcrowding,3,
707,Lab mein zaroori software license available nahi hai.,hinglish,IT_Library,software_license,2,
1176,The price for a basic meal is too high compared to quality offered.,en,Canteen,pricing,2,
21,"Data Structures का सिलेबस बहुत जल्दी पढ़ाया जा रहा है, समझ नहीं आ रहा।",hi,Academics,syllabus_pace,2,
857,Frequent power cuts in Block B are disrupting lab sessions.,en,Infrastructure,electrical_fault,5,
670,the main building mein WiFi 10 days se kaam nahi kar raha hai.,hinglish,IT_Library,wifi_network,2,
1142,कैंटीन का बैठने का क्षेत्र ठीक से साफ नहीं किया जा रहा है।,hi,Canteen,hygiene,1,
678,The licensed software for Mumbai University semester exam lab has expired and needs renewal.,en,IT_Library,software_license,3,
937,"the Vasai route bus ab hamare stop pe nahi aati, please route check karo.",hinglish,Transport,bus_routing,5,
609,लाइब्रेरी की किताब मिलने में 10 days हो गए।,hi,IT_Library,book_availability,1,
50,There was inappropriate behaviour by the faculty in class today.,en,Academics,faculty_conduct,2,
639,Wi-Fi in the library building has not been working for two weeks.,en,IT_Library,wifi_network,1,
548,I am unable to log into the student portal for 5 days.,en,IT_Library,portal_access,2,
790,हॉस्टल रूम मेंटेनेंस रिक्वेस्ट पर कोई कार्रवाई नहीं हुई।,hi,Infrastructure,hostel_issue,3,
262,Portal se hall ticket download nahi ho raha hai.,hinglish,Examinations,hall_ticket_issue,3,
656,2nd floor लैब में इंटरनेट बार-बार डिस्कनेक्ट हो रहा है।,hi,IT_Library,wifi_network,2,
898,"Block B 4th floor ke paas exposed wiring hai, ye safety hazard hai.",hinglish,Infrastructure,electrical_fault,4,
1200,बेसिक खाने की कीमत क्वालिटी के मुकाबले बहुत ज्यादा है।,hi,Canteen,pricing,3,
1237,"कैंटीन का मेनू महीनों से नहीं बदला, हमें और विविधता चाहिए।",hi,Canteen,menu_variety,2,
812,Washrooms in Block B are not being cleaned regularly.,en,Infrastructure,sanitation,3,
667,the library building mein WiFi 3 days se kaam nahi kar raha hai.,hinglish,IT_Library,wifi_network,2,
729,Furniture in the classroom is damaged and needs repair.,en,Infrastructure,classroom_maintenance,3,
376,फीस रसीद और पोर्टल राशि में Rs. 500 का अंतर है।,hi,Fees_Accounts,fee_discrepancy,3,
1308,I still have not received my caution deposit refund after 5 days.,en,Fees_Accounts,refund_delay,3,409
174,"AI/ML mein meri attendance galat show ho rahi hai, main present tha.",hinglish,Academics,attendance_dispute,2,
1127,There were insects near the food counter at the canteen.,en,Canteen,hygiene,1,
604,AI/ML के लिए संदर्भ पुस्तक लाइब्रेरी में उपलब्ध नहीं है।,hi,IT_Library,book_availability,1,
23,"पढ़ाई की गति बहुत तेज़ है, कृपया धीमा करें।",hi,Academics,syllabus_pace,2,
1163,Canteen ke food counter ke paas insects dikhe.,hinglish,Canteen,hygiene,1,
1241,"कैंटीन का मेनू महीनों से नहीं बदला, हमें और विविधता चाहिए।",hi,Canteen,menu_variety,2,
1190,कैंटीन की कीमतें बिना किसी सूचना के बढ़ा दी गईं।,hi,Canteen,pricing,3,
745,the library building 3rd floor की क्लास का प्रोजेक्टर 5 days से खराब है।,hi,Infrastructure,classroom_maintenance,3,
230,I am unable to download my hall ticket from the portal.,en,Examinations,hall_ticket_issue,4,
234,My hall ticket for the Mumbai University semester exam exam has an incorrect seat number.,en,Examinations,hall_ticket_issue,3,
20,"पढ़ाई की गति बहुत तेज़ है, कृपया धीमा करें।",hi,Academics,syllabus_pace,1,
1268,मेडिकल सर्टिफिकेट देने के बाद भी अटेंडेंस अपडेट नहीं हुई।,hi,Academics,attendance_dispute,1,154
832,the main building के वॉशरूम नियमित रूप से साफ नहीं किए जा रहे हैं।,hi,Infrastructure,sanitation,3,
1128,The canteen seating area is not being cleaned properly.,en,Canteen,hygiene,2,
929,"Route 2 बस अब हमारे स्टॉप पर नहीं आती, कृपया रूट देखें।",hi,Transport,bus_routing,4,
169,"the elective course mein meri attendance galat show ho rahi hai, main present tha.",hinglish,Academics,attendance_dispute,2,
193,"I want to request revaluation for my AI/ML paper, marks seem incorrect.",en,Examinations,revaluation_request,3,
769,The hostel water supply has been irregular for 10 days.,en,Infrastructure,hostel_issue,3,
368,There is a discrepancy of Rs. 500 between the fee receipt and portal amount.,en,Fees_Accounts,fee_discrepancy,3,
502,The fee payment gateway failed but Rs. 500 was deducted from my account.,en,Fees_Accounts,payment_gateway_issue,2,
924,कॉलेज बस रूट बिना सूचना के बदल दिया गया।,hi,Transport,bus_routing,4,
351,Data Structures ke internal aur external marks mein mismatch hai.,hinglish,Examinations,marks_discrepancy,3,
1263,Mumbai University semester exam में मेरी अटेंडेंस गलत दिखाई जा रही है जबकि मैं क्लास में था।,hi,Academics,attendance_dispute,3,152
704,लैब में जरूरी सॉफ्टवेयर लाइसेंस उपलब्ध नहीं है।,hi,IT_Library,software_license,3,
910,The college bus route was changed without prior notice.,en,Transport,bus_routing,4,
445,a week baad bhi caution deposit refund nahi mila.,hinglish,Fees_Accounts,refund_delay,4,
1032,"the Vasai route bus driver overspeed kar raha tha, unsafe laga.",hinglish,Transport,safety_concern,5,
537,"Fee payment gateway fail ho gaya lekin Rs. 1,200 account se kat gaya.",hinglish,Fees_Accounts,payment_gateway_issue,4,
611,लाइब्रेरी की किताब मिलने में two weeks हो गए।,hi,IT_Library,book_availability,2,
533,Gateway error ki wajah se fee payment complete nahi ho raha.,hinglish,Fees_Accounts,payment_gateway_issue,4,
746,Block A ground floor की क्लास का प्रोजेक्टर two weeks से खराब है।,hi,Infrastructure,classroom_maintenance,3,
1301,"क्लासरूम का फर्नीचर खराब है, मरम्मत चाहिए।",hi,Infrastructure,classroom_maintenance,2,739
298,मेरी दो परीक्षाएं Computer Networks सहित एक ही दिन पर हैं।,hi,Examinations,exam_schedule_conflict,3,
1160,Canteen ka seating area properly clean nahi ho raha hai.,hinglish,Canteen,hygiene,2,
306,Meri do exams including Mumbai University semester exam same din pe hain.,hinglish,Examinations,exam_schedule_conflict,3,
47,the faculty was rude to students during the Computer Networks lecture.,en,Academics,faculty_conduct,3,
844,ground floor corridor ke paas safai ki problem hai.,hinglish,Infrastructure,sanitation,3,
67,the HOD ने क्लास में छात्रों के साथ बहुत बुरा व्यवहार किया।,hi,Academics,faculty_conduct,2,
172,Medical certificate submit karne ke baad bhi attendance update nahi hui.,hinglish,Academics,attendance_dispute,1,
314,Meri do exams including AI/ML same din pe hain.,hinglish,Examinations,exam_schedule_conflict,3,
1255,Dietary restriction wale students ke liye bohot kam options hain.,hinglish,Canteen,menu_variety,1,
516,गेटवे एरर की वजह से फीस पेमेंट पूरा नहीं हो पा रहा है।,hi,Fees_Accounts,payment_gateway_issue,2,
1021,College buses ki proper safety check nahi ho rahi hai.,hinglish,Transport,safety_concern,5,
106,"DBMS की क्लास और लैब का समय एक साथ है, टकराव हो रहा है।",hi,Academics,timetable_conflict,2,
133,"Mumbai University semester exam ka lecture aur lab dono same time pe hai, clash ho raha hai.",hinglish,Academics,timetable_conflict,1,
320,The marks uploaded for DBMS do not match what was shown on the answer sheet.,en,Examinations,marks_discrepancy,3,
1228,"The canteen menu has not changed in months, we want more variety.",en,Canteen,menu_variety,2,
899,Block A mein baar baar power cut se lab session disrupt ho raha hai.,hinglish,Infrastructure,electrical_fault,3,
711,Lab mein zaroori software license available nahi hai.,hinglish,IT_Library,software_license,3,
232,My hall ticket for the the elective course exam has an incorrect seat number.,en,Examinations,hall_ticket_issue,3,
255,मेरे हॉल टिकट में सीट नंबर गलत है Data Structures परीक्षा के लिए।,hi,Examinations,hall_ticket_issue,3,
752,Block B 3rd floor classroom ka projector two weeks se kharab hai.,hinglish,Infrastructure,classroom_maintenance,2,
1188,बेसिक खाने की कीमत क्वालिटी के मुकाबले बहुत ज्यादा है।,hi,Canteen,pricing,2,
1020,कॉलेज बसों की उचित सुरक्षा जांच नहीं हो रही है।,hi,Transport,safety_concern,4,
693,लैब में जरूरी सॉफ्टवेयर लाइसेंस उपलब्ध नहीं है।,hi,IT_Library,software_license,3,
1260,"Canteen ka menu mahino se nahi badla, hume aur variety chahiye.",hinglish,Canteen,menu_variety,2,
196,"रीवैल्यूएशन एप्लीकेशन दिए हुए 5 days हो गए, कृपया प्रोसेस करें।",hi,Examinations,revaluation_request,3,
544,The portal shows an error every time I try to access my results.,en,IT_Library,portal_access,2,
1202,Canteen ki prices bina notice ke badha di gayi hain.,hinglish,Canteen,pricing,2,
776,Hostel room maintenance requests are not being addressed.,en,Infrastructure,hostel_issue,3,
330,The marks uploaded for DBMS do not match what was shown on the answer sheet.,en,Examinations,marks_discrepancy,3,
1162,Canteen ka seating area properly clean nahi ho raha hai.,hinglish,Canteen,hygiene,1,
15,The Mumbai University semester exam syllabus is being rushed and we are not able to understand the concepts.,en,Academics,syllabus_pace,1,
1293,"रीवैल्यूएशन एप्लीकेशन दिए हुए 3 days हो गए, कृपया प्रोसेस करें।",hi,Examinations,revaluation_request,3,197
1318,Washrooms in Block B are not being cleaned regularly.,en,Infrastructure,sanitation,2,815
749,"क्लासरूम का फर्नीचर खराब है, मरम्मत चाहिए।",hi,Infrastructure,classroom_maintenance,3,
205,"रीवैल्यूएशन एप्लीकेशन दिए हुए a week हो गए, कृपया प्रोसेस करें।",hi,Examinations,revaluation_request,3,
547,I am unable to log into the student portal for 10 days.,en,IT_Library,portal_access,3,
39,"Pace bahut fast hai sir, thoda slow karo please.",hinglish,Academics,syllabus_pace,3,
5,The Data Structures syllabus is being rushed and we are not able to understand the concepts.,en,Academics,syllabus_pace,1,
393,"Fee receipt aur portal amount mein Rs. 5,000 ka difference hai.",hinglish,Fees_Accounts,fee_discrepancy,3,
489,Scholarship application ke baare mein koi update nahi mila.,hinglish,Fees_Accounts,scholarship_query,4,
989,"Bus timing unreliable hai, first lecture miss ho jata hai.",hinglish,Transport,schedule_delay,5,
879,"the library building ground floor के पास खुली वायरिंग है, यह खतरनाक है।",hi,Infrastructure,electrical_fault,5,
1187,कैंटीन की कीमतें बिना किसी सूचना के बढ़ा दी गईं।,hi,Canteen,pricing,2,
880,"Block B ground floor के पास खुली वायरिंग है, यह खतरनाक है।",hi,Infrastructure,electrical_fault,3,
889,the new wing mein baar baar power cut se lab session disrupt ho raha hai.,hinglish,Infrastructure,electrical_fault,4,
266,Portal se hall ticket download nahi ho raha hai.,hinglish,Examinations,hall_ticket_issue,3,
181,"I want to request revaluation for my Mumbai University semester exam paper, marks seem incorrect.",en,Examinations,revaluation_request,3,
1003,The the Vasai route bus driver was overspeeding and it felt unsafe.,en,Transport,safety_concern,5,
325,The marks uploaded for Computer Networks do not match what was shown on the answer sheet.,en,Examinations,marks_discrepancy,4,
346,Mumbai University semester exam ke internal aur external marks mein mismatch hai.,hinglish,Examinations,marks_discrepancy,3,
429,"मेरा Rs. 1,200 का रिफंड 5 days से पेंडिंग है।",hi,Fees_Accounts,refund_delay,3,
561,रिजल्ट देखने की कोशिश करने पर पोर्टल एरर दिखाता है।,hi,IT_Library,portal_access,1,
926,"Route 7 बस अब हमारे स्टॉप पर नहीं आती, कृपया रूट देखें।",hi,Transport,bus_routing,5,
10,"Faculty is covering DBMS too fast, students are struggling to keep up.",en,Academics,syllabus_pace,2,
1179,Canteen prices were increased without any notice to students.,en,Canteen,pricing,2,
642,Wi-Fi in the main building has not been working for 5 days.,en,IT_Library,wifi_network,2,
363,"I was charged Rs. 8,000 extra in my semester fee without explanation.",en,Fees_Accounts,fee_discrepancy,3,
682,We do not have access to the required software license in the lab.,en,IT_Library,software_license,2,
999,The Route 7 bus driver was overspeeding and it felt unsafe.,en,Transport,safety_concern,5,
166,"Mumbai University semester exam mein meri attendance galat show ho rahi hai, main present tha.",hinglish,Academics,attendance_dispute,3,
370,There is a discrepancy of Rs. 500 between the fee receipt and portal amount.,en,Fees_Accounts,fee_discrepancy,3,
648,4th floor लैब में इंटरनेट बार-बार डिस्कनेक्ट हो रहा है।,hi,IT_Library,wifi_network,3,
294,परीक्षा डेटशीट दूसरे विषय की परीक्षा से टकरा रही है।,hi,Examinations,exam_schedule_conflict,3,
938,"Route 4 bus ab hamare stop pe nahi aati, please route check karo.",hinglish,Transport,bus_routing,4,
1143,कैंटीन का बैठने का क्षेत्र ठीक से साफ नहीं किया जा रहा है।,hi,Canteen,hygiene,2,
702,"Data Structures लैब का लाइसेंस्ड सॉफ्टवेयर एक्सपायर हो गया है, रिन्यू चाहिए।",hi,IT_Library,software_license,1,
411,I still have not received my caution deposit refund after 10 days.,en,Fees_Accounts,refund_delay,2,
282,The exam datesheet clashes with another subject's exam.,en,Examinations,exam_schedule_conflict,2,
309,Meri do exams including the elective course same din pe hain.,hinglish,Examinations,exam_schedule_conflict,2,
111,"DBMS की क्लास और लैब का समय एक साथ है, टकराव हो रहा है।",hi,Academics,timetable_conflict,1,
847,ground floor corridor ke paas safai ki problem hai.,hinglish,Infrastructure,sanitation,3,
1107,कैंटीन में खाने की क्वालिटी इस महीने काफी गिर गई है।,hi,Canteen,food_quality,3,
1320,The Route 7 bus driver was overspeeding and it felt unsafe.,en,Transport,safety_concern,5,1002
246,मेरे हॉल टिकट में सीट नंबर गलत है Mumbai University semester exam परीक्षा के लिए।,hi,Examinations,hall_ticket_issue,3,
1025,College buses ki proper safety check nahi ho rahi hai.,hinglish,Transport,safety_concern,5,
399,"Mujhse semester fee mein Rs. 8,000 extra charge hua hai bina reason ke.",hinglish,Fees_Accounts,fee_discrepancy,3,
968,"बस का समय अनिश्चित है, हमारी पहली क्लास छूट जाती है।",hi,Transport,schedule_delay,5,
146,Attendance was not updated even after submitting a medical certificate.,en,Academics,attendance_dispute,1,
110,नया टाइमटेबल पुराने शेड्यूल से टकरा रहा है।,hi,Academics,timetable_conflict,1,
964,the Vasai route बस 10 days से लगातार 30 मिनट से ज्यादा देर हो रही है।,hi,Transport,schedule_delay,4,
242,पोर्टल से हॉल टिकट डाउनलोड नहीं हो रहा है।,hi,Examinations,hall_ticket_issue,3,
950,The Route 2 bus has been consistently late by 30+ minutes for 5 days.,en,Transport,schedule_delay,4,
603,DBMS के लिए संदर्भ पुस्तक लाइब्रेरी में उपलब्ध नहीं है।,hi,IT_Library,book_availability,2,
534,"Fee payment gateway fail ho gaya lekin Rs. 1,200 account se kat gaya.",hinglish,Fees_Accounts,payment_gateway_issue,2,
762,Block B 4th floor classroom ka projector 5 days se kharab hai.,hinglish,Infrastructure,classroom_maintenance,3,
1221,There are very few options for students with dietary restrictions.,en,Canteen,menu_variety,1,
862,"There is exposed wiring near Block C 4th floor, this is a safety hazard.",en,Infrastructure,electrical_fault,4,
629,the elective course ki reference book library mein available nahi hai.,hinglish,IT_Library,book_availability,2,
458,I have not received any update about my scholarship application.,en,Fees_Accounts,scholarship_query,3,
728,The projector in the new wing ground floor classroom has been broken for 5 days.,en,Infrastructure,classroom_maintenance,4,
1088,I found the food undercooked and cold at the canteen today.,en,Canteen,food_quality,3,
1201,Canteen ki prices bina notice ke badha di gayi hain.,hinglish,Canteen,pricing,2,
688,The licensed software for DBMS lab has expired and needs renewal.,en,IT_Library,software_license,2,
375,"I was charged Rs. 2,500 extra in my semester fee without explanation.",en,Fees_Accounts,fee_discrepancy,3,
1155,कैंटीन के फूड काउंटर के पास कीड़े दिखे।,hi,Canteen,hygiene,2,
263,Mera hall ticket mein seat number galat hai Data Structures exam ke liye.,hinglish,Examinations,hall_ticket_issue,3,
965,"बस का समय अनिश्चित है, हमारी पहली क्लास छूट जाती है।",hi,Transport,schedule_delay,3,
200,"रीवैल्यूएशन एप्लीकेशन दिए हुए 3 days हो गए, कृपया प्रोसेस करें।",hi,Examinations,revaluation_request,3,
602,Computer Networks के लिए संदर्भ पुस्तक लाइब्रेरी में उपलब्ध नहीं है।,hi,IT_Library,book_availability,2,
371,There is a discrepancy of Rs. 500 between the fee receipt and portal amount.,en,Fees_Accounts,fee_discrepancy,3,
349,DBMS ke marks jo upload hue hain wo answer sheet se match nahi karte.,hinglish,Examinations,marks_discrepancy,3,
615,Mumbai University semester exam के लिए संदर्भ पुस्तक लाइब्रेरी में उपलब्ध नहीं है।,hi,IT_Library,book_availability,3,
1039,Students are forced to stand for the entire journey on Route 4.,en,Transport,overcrowding,4,
735,Furniture in the classroom is damaged and needs repair.,en,Infrastructure,classroom_maintenance,3,
975,"बस का समय अनिश्चित है, हमारी पहली क्लास छूट जाती है।",hi,Transport,schedule_delay,4,
456,My scholarship status has not been updated on the portal for 5 days.,en,Fees_Accounts,scholarship_query,3,
703,"Computer Networks लैब का लाइसेंस्ड सॉफ्टवेयर एक्सपायर हो गया है, रिन्यू चाहिए।",hi,IT_Library,software_license,2,
389,"मुझसे सेमेस्टर फीस में Rs. 2,500 अतिरिक्त लिया गया है बिना किसी कारण के।",hi,Fees_Accounts,fee_discrepancy,3,
73,the faculty ने क्लास में छात्रों के साथ बहुत बुरा व्यवहार किया।,hi,Academics,faculty_conduct,1,
796,Hostel room maintenance request pe koi action nahi hua.,hinglish,Infrastructure,hostel_issue,2,
829,3rd floor गलियारे के पास सफाई की समस्या है।,hi,Infrastructure,sanitation,3,
1295,Hostel mein paani ki supply a week se irregular hai.,hinglish,Infrastructure,hostel_issue,2,805
532,Gateway error ki wajah se fee payment complete nahi ho raha.,hinglish,Fees_Accounts,payment_gateway_issue,3,
606,लाइब्रेरी की किताब मिलने में 5 days हो गए।,hi,IT_Library,book_availability,2,
1019,"Route 4 बस का ड्राइवर तेज़ गति से चला रहा था, असुरक्षित महसूस हुआ।",hi,Transport,safety_concern,5,
53,the HOD was rude to students during the the elective course lecture.,en,Academics,faculty_conduct,2,
287,परीक्षा डेटशीट दूसरे विषय की परीक्षा से टकरा रही है।,hi,Examinations,exam_schedule_conflict,4,
1264,लैब में जरूरी सॉफ्टवेयर लाइसेंस उपलब्ध नहीं है।,hi,IT_Library,software_license,3,701
828,3rd floor गलियारे के पास सफाई की समस्या है।,hi,Infrastructure,sanitation,3,
117,"Data Structures की क्लास और लैब का समय एक साथ है, टकराव हो रहा है।",hi,Academics,timetable_conflict,2,
493,Scholarship application ke baare mein koi update nahi mila.,hinglish,Fees_Accounts,scholarship_query,2,
1060,छात्रों को Route 4 पर पूरी यात्रा खड़े होकर करनी पड़ती है।,hi,Transport,overcrowding,5,
308,Exam datesheet doosre subject ke exam se clash kar raha hai.,hinglish,Examinations,exam_schedule_conflict,3,
386,"फीस रसीद और पोर्टल राशि में Rs. 5,000 का अंतर है।",hi,Fees_Accounts,fee_discrepancy,2,
1116,Canteen mein khane ki quality is mahine kaafi gir gayi hai.,hinglish,Canteen,food_quality,2,
535,"Fee payment gateway fail ho gaya lekin Rs. 1,200 account se kat gaya.",hinglish,Fees_Accounts,payment_gateway_issue,3,
568,मैं two weeks से स्टूडेंट पोर्टल में लॉगिन नहीं कर पा रहा हूँ।,hi,IT_Library,portal_access,1,
666,ground floor lab mein internet baar baar disconnect ho raha hai.,hinglish,IT_Library,wifi_network,2,
567,मैं two weeks से स्टूडेंट पोर्टल में लॉगिन नहीं कर पा रहा हूँ।,hi,IT_Library,portal_access,2,
689,We do not have access to the required software license in the lab.,en,IT_Library,software_license,2,
131,New timetable purane schedule se clash kar raha hai.,hinglish,Academics,timetable_conflict,3,
987,"Bus timing unreliable hai, first lecture miss ho jata hai.",hinglish,Transport,schedule_delay,4,
222,"the elective course paper ka revaluation chahiye, marks galat lag rahe hain.",hinglish,Examinations,revaluation_request,4,
612,Mumbai University semester exam के लिए संदर्भ पुस्तक लाइब्रेरी में उपलब्ध नहीं है।,hi,IT_Library,book_availability,2,
579,Result dekhne ki koshish karne pe portal error deta hai.,hinglish,IT_Library,portal_access,2,
767,The hostel water supply has been irregular for two weeks.,en,Infrastructure,hostel_issue,3,
1048,The Route 7 bus is severely overcrowded during peak hours.,en,Transport,overcrowding,4,
16,"पढ़ाई की गति बहुत तेज़ है, कृपया धीमा करें।",hi,Academics,syllabus_pace,3,
210,"मुझे DBMS पेपर का रीवैल्यूएशन चाहिए, मार्क्स गलत लग रहे हैं।",hi,Examinations,revaluation_request,3,
1259,"Canteen ka menu mahino se nahi badla, hume aur variety chahiye.",hinglish,Canteen,menu_variety,2,
1067,Route 2 bus peak hours mein bohot overcrowded hoti hai.,hinglish,Transport,overcrowding,5,
619,Library book issue hone mein 5 days ho gaye.,hinglish,IT_Library,book_availability,2,
956,The Route 7 bus has been consistently late by 30+ minutes for a week.,en,Transport,schedule_delay,5,
447,3 days baad bhi caution deposit refund nahi mila.,hinglish,Fees_Accounts,refund_delay,3,
1299,Exam datesheet doosre subject ke exam se clash kar raha hai.,hinglish,Examinations,exam_schedule_conflict,3,315
941,College bus route bina notice ke change kar diya gaya.,hinglish,Transport,bus_routing,3,
715,Lab mein zaroori software license available nahi hai.,hinglish,IT_Library,software_license,1,
772,The hostel water supply has been irregular for two weeks.,en,Infrastructure,hostel_issue,4,
1281,नया टाइमटेबल पुराने शेड्यूल से टकरा रहा है।,hi,Academics,timetable_conflict,1,110
564,रिजल्ट देखने की कोशिश करने पर पोर्टल एरर दिखाता है।,hi,IT_Library,portal_access,1,
626,Library book issue hone mein 3 days ho gaye.,hinglish,IT_Library,book_availability,2,
517,"फीस पेमेंट गेटवे फेल हो गया लेकिन Rs. 1,200 मेरे अकाउंट से कट गया।",hi,Fees_Accounts,payment_gateway_issue,3,
459,I have not received any update about my scholarship application.,en,Fees_Accounts,scholarship_query,2,
18,"Computer Networks का सिलेबस बहुत जल्दी पढ़ाया जा रहा है, समझ नहीं आ रहा।",hi,Academics,syllabus_pace,1,
1277,AI/ML के इंटरनल और एक्सटर्नल मार्क्स में अंतर है।,hi,Examinations,marks_discrepancy,3,338
271,Two of my exams including DBMS are scheduled on the same day.,en,Examinations,exam_schedule_conflict,2,
971,Route 4 बस 10 days से लगातार 30 मिनट से ज्यादा देर हो रही है।,hi,Transport,schedule_delay,4,
19,"Computer Networks का सिलेबस बहुत जल्दी पढ़ाया जा रहा है, समझ नहीं आ रहा।",hi,Academics,syllabus_pace,2,
1215,Canteen ki prices bina notice ke badha di gayi hain.,hinglish,Canteen,pricing,3,
1052,Route 2 बस पीक आवर्स में बहुत भीड़भाड़ वाली होती है।,hi,Transport,overcrowding,4,
839,ground floor गलियारे के पास सफाई की समस्या है।,hi,Infrastructure,sanitation,2,
1203,Canteen ki prices bina notice ke badha di gayi hain.,hinglish,Canteen,pricing,2,
424,"मेरा Rs. 1,200 का रिफंड 5 days से पेंडिंग है।",hi,Fees_Accounts,refund_delay,2,
462,My scholarship status has not been updated on the portal for 3 days.,en,Fees_Accounts,scholarship_query,2,
454,I have not received any update about my scholarship application.,en,Fees_Accounts,scholarship_query,4,
439,10 days baad bhi caution deposit refund nahi mila.,hinglish,Fees_Accounts,refund_delay,3,
334,Data Structures के इंटरनल और एक्सटर्नल मार्क्स में अंतर है।,hi,Examinations,marks_discrepancy,3,
102,Two lectures for Data Structures and another subject are scheduled at the same time.,en,Academics,timetable_conflict,2,
792,हॉस्टल रूम मेंटेनेंस रिक्वेस्ट पर कोई कार्रवाई नहीं हुई।,hi,Infrastructure,hostel_issue,2,
57,a visiting lecturer was rude to students during the AI/ML lecture.,en,Academics,faculty_conduct,3,
584,Main a week se student portal mein login nahi kar pa raha.,hinglish,IT_Library,portal_access,2,
186,"Please process my revaluation application for the Mumbai University semester exam exam, it has been 5 days.",en,Examinations,revaluation_request,4,
530,"Fee payment gateway fail ho gaya lekin Rs. 1,200 account se kat gaya.",hinglish,Fees_Accounts,payment_gateway_issue,2,
335,Mumbai University semester exam के लिए अपलोड किए गए मार्क्स आंसर शीट से मेल नहीं खाते।,hi,Examinations,marks_discrepancy,2,
706,"DBMS lab ka licensed software expire ho gaya hai, renew chahiye.",hinglish,IT_Library,software_license,3,
717,"Computer Networks lab ka licensed software expire ho gaya hai, renew chahiye.",hinglish,IT_Library,software_license,1,
1130,The canteen seating area is not being cleaned properly.,en,Canteen,hygiene,3,
972,"बस का समय अनिश्चित है, हमारी पहली क्लास छूट जाती है।",hi,Transport,schedule_delay,3,
364,"There is a discrepancy of Rs. 2,500 between the fee receipt and portal amount.",en,Fees_Accounts,fee_discrepancy,2,
914,"the Vasai route bus does not cover our stop anymore, please review the route.",en,Transport,bus_routing,3,
1002,The Route 7 bus driver was overspeeding and it felt unsafe.,en,Transport,safety_concern,5,
1216,"The canteen menu has not changed in months, we want more variety.",en,Canteen,menu_variety,1,
496,"The fee payment gateway failed but Rs. 8,000 was deducted from my account.",en,Fees_Accounts,payment_gateway_issue,2,
63,a professor ने क्लास में छात्रों के साथ बहुत बुरा व्यवहार किया।,hi,Academics,faculty_conduct,3,
254,पोर्टल से हॉल टिकट डाउनलोड नहीं हो रहा है।,hi,Examinations,hall_ticket_issue,3,
813,Washrooms in Block A are not being cleaned regularly.,en,Infrastructure,sanitation,4,
1035,"the Vasai route bus driver overspeed kar raha tha, unsafe laga.",hinglish,Transport,safety_concern,5,
951,"Bus timing is unreliable, we keep missing the first lecture.",en,Transport,schedule_delay,3,
755,"Classroom ka furniture damaged hai, repair chahiye.",hinglish,Infrastructure,classroom_maintenance,4,
562,रिजल्ट देखने की कोशिश करने पर पोर्टल एरर दिखाता है।,hi,IT_Library,portal_access,2,
408,"My refund of Rs. 8,000 has been pending for two weeks.",en,Fees_Accounts,refund_delay,3,
739,"क्लासरूम का फर्नीचर खराब है, मरम्मत चाहिए।",hi,Infrastructure,classroom_maintenance,2,
104,Two lectures for the elective course and another subject are scheduled at the same time.,en,Academics,timetable_conflict,2,
935,College bus route bina notice ke change kar diya gaya.,hinglish,Transport,bus_routing,5,
68,a professor ने क्लास में छात्रों के साथ बहुत बुरा व्यवहार किया।,hi,Academics,faculty_conduct,3,
511,"फीस पेमेंट गेटवे फेल हो गया लेकिन Rs. 8,000 मेरे अकाउंट से कट गया।",hi,Fees_Accounts,payment_gateway_issue,2,
119,"DBMS की क्लास और लैब का समय एक साथ है, टकराव हो रहा है।",hi,Academics,timetable_conflict,2,
412,I still have not received my caution deposit refund after a week.,en,Fees_Accounts,refund_delay,3,
1274,"Bus timing unreliable hai, first lecture miss ho jata hai.",hinglish,Transport,schedule_delay,5,989
356,Mumbai University semester exam ke marks jo upload hue hain wo answer sheet se match nahi karte.,hinglish,Examinations,marks_discrepancy,3,
60,There was inappropriate behaviour by a visiting lecturer in class today.,en,Academics,faculty_conduct,3,
1165,Canteen ka seating area properly clean nahi ho raha hai.,hinglish,Canteen,hygiene,1,
1074,the Vasai route bus peak hours mein bohot overcrowded hoti hai.,hinglish,Transport,overcrowding,4,
278,Two of my exams including DBMS are scheduled on the same day.,en,Examinations,exam_schedule_conflict,3,
827,3rd floor गलियारे के पास सफाई की समस्या है।,hi,Infrastructure,sanitation,4,
1038,The Route 4 bus is severely overcrowded during peak hours.,en,Transport,overcrowding,4,
638,Wi-Fi in Block B has not been working for 3 days.,en,IT_Library,wifi_network,2,
135,New timetable purane schedule se clash kar raha hai.,hinglish,Academics,timetable_conflict,2,
326,There is a mismatch between internal and external marks for Mumbai University semester exam.,en,Examinations,marks_discrepancy,2,
1056,छात्रों को Route 7 पर पूरी यात्रा खड़े होकर करनी पड़ती है।,hi,Transport,overcrowding,5,
116,नया टाइमटेबल पुराने शेड्यूल से टकरा रहा है।,hi,Academics,timetable_conflict,2,
766,The hostel water supply has been irregular for 10 days.,en,Infrastructure,hostel_issue,3,
1058,Route 7 बस पीक आवर्स में बहुत भीड़भाड़ वाली होती है।,hi,Transport,overcrowding,4,
993,The Route 2 bus driver was overspeeding and it felt unsafe.,en,Transport,safety_concern,5,
834,2nd floor गलियारे के पास सफाई की समस्या है।,hi,Infrastructure,sanitation,4,
433,5 days बाद भी मेरा कॉशन डिपॉजिट रिफंड नहीं मिला।,hi,Fees_Accounts,refund_delay,3,
905,"Route 7 bus does not cover our stop anymore, please review the route.",en,Transport,bus_routing,4,
385,"फीस रसीद और पोर्टल राशि में Rs. 5,000 का अंतर है।",hi,Fees_Accounts,fee_discrepancy,3,
183,"Please process my revaluation application for the Data Structures exam, it has been 5 days.",en,Examinations,revaluation_request,3,
854,ground floor corridor ke paas safai ki problem hai.,hinglish,Infrastructure,sanitation,3,
552,I am unable to log into the student portal for two weeks.,en,IT_Library,portal_access,3,
658,the library building में वाईफाई 10 days से काम नहीं कर रहा है।,hi,IT_Library,wifi_network,3,
908,"Route 7 bus does not cover our stop anymore, please review the route.",en,Transport,bus_routing,4,
616,the elective course ki reference book library mein available nahi hai.,hinglish,IT_Library,book_availability,2,
276,The exam datesheet clashes with another subject's exam.,en,Examinations,exam_schedule_conflict,3,
467,मेरी स्कॉलरशिप स्थिति पोर्टल पर 3 days से अपडेट नहीं हुई है।,hi,Fees_Accounts,scholarship_query,3,
202,"मुझे Mumbai University semester exam पेपर का रीवैल्यूएशन चाहिए, मार्क्स गलत लग रहे हैं।",hi,Examinations,revaluation_request,3,
1007,कॉलेज बसों की उचित सुरक्षा जांच नहीं हो रही है।,hi,Transport,safety_concern,5,
575,Main 3 days se student portal mein login nahi kar pa raha.,hinglish,IT_Library,portal_access,2,
637,The internet connection in the 4th floor lab keeps disconnecting.,en,IT_Library,wifi_network,2,
621,Library book issue hone mein two weeks ho gaye.,hinglish,IT_Library,book_availability,1,
692,लैब में जरूरी सॉफ्टवेयर लाइसेंस उपलब्ध नहीं है।,hi,IT_Library,software_license,1,
42,"Pace bahut fast hai sir, thoda slow karo please.",hinglish,Academics,syllabus_pace,1,
763,"Classroom ka furniture damaged hai, repair chahiye.",hinglish,Infrastructure,classroom_maintenance,2,
1310,the HOD was rude to students during the the elective course lecture.,en,Academics,faculty_conduct,2,53
974,"बस का समय अनिश्चित है, हमारी पहली क्लास छूट जाती है।",hi,Transport,schedule_delay,4,
101,The revised timetable clashes with our lab sessions.,en,Academics,timetable_conflict,2,
487,Scholarship application ke baare mein koi update nahi mila.,hinglish,Fees_Accounts,scholarship_query,2,
679,We do not have access to the required software license in the lab.,en,IT_Library,software_license,2,
811,Washrooms in Block A are not being cleaned regularly.,en,Infrastructure,sanitation,3,
80,the faculty ne class mein bohot rudely behave kiya students ke saath.,hinglish,Academics,faculty_conduct,2,
823,Washrooms in the library building are not being cleaned regularly.,en,Infrastructure,sanitation,3,
295,परीक्षा डेटशीट दूसरे विषय की परीक्षा से टकरा रही है।,hi,Examinations,exam_schedule_conflict,3,
826,3rd floor गलियारे के पास सफाई की समस्या है।,hi,Infrastructure,sanitation,3,
565,मैं 10 days से स्टूडेंट पोर्टल में लॉगिन नहीं कर पा रहा हूँ।,hi,IT_Library,portal_access,2,
353,the elective course ke marks jo upload hue hain wo answer sheet se match nahi karte.,hinglish,Examinations,marks_discrepancy,3,
77,the HOD ne class mein bohot rudely behave kiya students ke saath.,hinglish,Academics,faculty_conduct,2,
969,"बस का समय अनिश्चित है, हमारी पहली क्लास छूट जाती है।",hi,Transport,schedule_delay,5,
1172,Canteen prices were increased without any notice to students.,en,Canteen,pricing,1,
995,The the Vasai route bus driver was overspeeding and it felt unsafe.,en,Transport,safety_concern,4,
785,हॉस्टल में पानी की सप्लाई a week से अनियमित है।,hi,Infrastructure,hostel_issue,3,
541,The portal shows an error every time I try to access my results.,en,IT_Library,portal_access,1,
842,the new wing ke washroom regularly clean nahi ho rahe hain.,hinglish,Infrastructure,sanitation,3,
1304,"AI/ML mein meri attendance galat show ho rahi hai, main present tha.",hinglish,Academics,attendance_dispute,1,180
1294,Two lectures for Data Structures and another subject are scheduled at the same time.,en,Academics,timetable_conflict,2,102
586,The reference book for Mumbai University semester exam is not available in the library.,en,IT_Library,book_availability,3,
207,"मुझे Mumbai University semester exam पेपर का रीवैल्यूएशन चाहिए, मार्क्स गलत लग रहे हैं।",hi,Examinations,revaluation_request,4,
1153,कैंटीन का बैठने का क्षेत्र ठीक से साफ नहीं किया जा रहा है।,hi,Canteen,hygiene,2,
217,"AI/ML paper ka revaluation chahiye, marks galat lag rahe hain.",hinglish,Examinations,revaluation_request,3,
206,"मुझे the elective course पेपर का रीवैल्यूएशन चाहिए, मार्क्स गलत लग रहे हैं।",hi,Examinations,revaluation_request,4,
1194,बेसिक खाने की कीमत क्वालिटी के मुकाबले बहुत ज्यादा है।,hi,Canteen,pricing,2,
1205,Basic meal ki price quality ke comparison mein bohot zyada hai.,hinglish,Canteen,pricing,2,
1161,Canteen ke food counter ke paas insects dikhe.,hinglish,Canteen,hygiene,3,
304,Exam datesheet doosre subject ke exam se clash kar raha hai.,hinglish,Examinations,exam_schedule_conflict,4,
307,Exam datesheet doosre subject ke exam se clash kar raha hai.,hinglish,Examinations,exam_schedule_conflict,3,
849,Block C ke washroom regularly clean nahi ho rahe hain.,hinglish,Infrastructure,sanitation,3,
231,I am unable to download my hall ticket from the portal.,en,Examinations,hall_ticket_issue,3,
860,"There is exposed wiring near Block A 3rd floor, this is a safety hazard.",en,Infrastructure,electrical_fault,3,
1296,Canteen prices were increased without any notice to students.,en,Canteen,pricing,2,1171
1204,Canteen ki prices bina notice ke badha di gayi hain.,hinglish,Canteen,pricing,2,
26,"the elective course का सिलेबस बहुत जल्दी पढ़ाया जा रहा है, समझ नहीं आ रहा।",hi,Academics,syllabus_pace,2,
939,College bus route bina notice ke change kar diya gaya.,hinglish,Transport,bus_routing,4,
1065,Route 4 बस पीक आवर्स में बहुत भीड़भाड़ वाली होती है।,hi,Transport,overcrowding,3,
566,मैं two weeks से स्टूडेंट पोर्टल में लॉगिन नहीं कर पा रहा हूँ।,hi,IT_Library,portal_access,1,
668,4th floor lab mein internet baar baar disconnect ho raha hai.,hinglish,IT_Library,wifi_network,2,
1131,There were insects near the food counter at the canteen.,en,Canteen,hygiene,2,
814,Washrooms in the new wing are not being cleaned regularly.,en,Infrastructure,sanitation,4,
1140,There were insects near the food counter at the canteen.,en,Canteen,hygiene,2,
795,हॉस्टल में पानी की सप्लाई 3 days से अनियमित है।,hi,Infrastructure,hostel_issue,3,
179,Medical certificate submit karne ke baad bhi attendance update nahi hui.,hinglish,Academics,attendance_dispute,2,
138,Attendance was not updated even after submitting a medical certificate.,en,Academics,attendance_dispute,2,
655,3rd floor लैब में इंटरनेट बार-बार डिस्कनेक्ट हो रहा है।,hi,IT_Library,wifi_network,2,
529,Gateway error ki wajah se fee payment complete nahi ho raha.,hinglish,Fees_Accounts,payment_gateway_issue,3,
1219,"The canteen menu has not changed in months, we want more variety.",en,Canteen,menu_variety,2,
303,Meri do exams including Data Structures same din pe hain.,hinglish,Examinations,exam_schedule_conflict,3,
414,My refund of Rs. 500 has been pending for 10 days.,en,Fees_Accounts,refund_delay,3,
892,Block B mein baar baar power cut se lab session disrupt ho raha hai.,hinglish,Infrastructure,electrical_fault,3,
161,मेडिकल सर्टिफिकेट देने के बाद भी अटेंडेंस अपडेट नहीं हुई।,hi,Academics,attendance_dispute,3,
868,"There is exposed wiring near Block C ground floor, this is a safety hazard.",en,Infrastructure,electrical_fault,4,
88,the HOD ne class mein bohot rudely behave kiya students ke saath.,hinglish,Academics,faculty_conduct,1,
259,Portal se hall ticket download nahi ho raha hai.,hinglish,Examinations,hall_ticket_issue,3,
395,"Mujhse semester fee mein Rs. 8,000 extra charge hua hai bina reason ke.",hinglish,Fees_Accounts,fee_discrepancy,2,
434,"मेरा Rs. 1,200 का रिफंड a week से पेंडिंग है।",hi,Fees_Accounts,refund_delay,4,
343,the elective course के इंटरनल और एक्सटर्नल मार्क्स में अंतर है।,hi,Examinations,marks_discrepancy,4,
355,Computer Networks ke internal aur external marks mein mismatch hai.,hinglish,Examinations,marks_discrepancy,3,
920,"Route 2 बस अब हमारे स्टॉप पर नहीं आती, कृपया रूट देखें।",hi,Transport,bus_routing,4,
247,पोर्टल से हॉल टिकट डाउनलोड नहीं हो रहा है।,hi,Examinations,hall_ticket_issue,3,
302,Exam datesheet doosre subject ke exam se clash kar raha hai.,hinglish,Examinations,exam_schedule_conflict,3,
1271,लैब में जरूरी सॉफ्टवेयर लाइसेंस उपलब्ध नहीं है।,hi,IT_Library,software_license,3,693
1171,Canteen prices were increased without any notice to students.,en,Canteen,pricing,2,
1059,छात्रों को Route 4 पर पूरी यात्रा खड़े होकर करनी पड़ती है।,hi,Transport,overcrowding,4,
1170,Canteen ka seating area properly clean nahi ho raha hai.,hinglish,Canteen,hygiene,1,
1029,"Route 7 bus driver overspeed kar raha tha, unsafe laga.",hinglish,Transport,safety_concern,5,
72,आज क्लास में a visiting lecturer का व्यवहार सही नहीं था।,hi,Academics,faculty_conduct,2,
809,Hostel mein paani ki supply two weeks se irregular hai.,hinglish,Infrastructure,hostel_issue,3,
162,AI/ML में मेरी अटेंडेंस गलत दिखाई जा रही है जबकि मैं क्लास में था।,hi,Academics,attendance_dispute,2,
613,लाइब्रेरी की किताब मिलने में 5 days हो गए।,hi,IT_Library,book_availability,2,
976,Route 2 bus 5 days se consistently 30+ minute late ho rahi hai.,hinglish,Transport,schedule_delay,4,
483,Meri scholarship status portal pe a week se update nahi hui hai.,hinglish,Fees_Accounts,scholarship_query,3,
1173,The price for a basic meal is too high compared to quality offered.,en,Canteen,pricing,1,
973,Route 4 बस 10 days से लगातार 30 मिनट से ज्यादा देर हो रही है।,hi,Transport,schedule_delay,4,
1097,कैंटीन में खाने की क्वालिटी इस महीने काफी गिर गई है।,hi,Canteen,food_quality,2,
858,"There is exposed wiring near Block C 2nd floor, this is a safety hazard.",en,Infrastructure,electrical_fault,3,
1071,Students ko Route 4 pe poori journey khade hoke karni padti hai.,hinglish,Transport,overcrowding,5,
793,हॉस्टल रूम मेंटेनेंस रिक्वेस्ट पर कोई कार्रवाई नहीं हुई।,hi,Infrastructure,hostel_issue,3,
125,New timetable purane schedule se clash kar raha hai.,hinglish,Academics,timetable_conflict,3,
1134,The canteen seating area is not being cleaned properly.,en,Canteen,hygiene,2,
466,मुझे स्कॉलरशिप एप्लीकेशन के बारे में कोई अपडेट नहीं मिला।,hi,Fees_Accounts,scholarship_query,4,
1208,Basic meal ki price quality ke comparison mein bohot zyada hai.,hinglish,Canteen,pricing,2,
848,ground floor corridor ke paas safai ki problem hai.,hinglish,Infrastructure,sanitation,3,
1109,कैंटीन में खाने की क्वालिटी इस महीने काफी गिर गई है।,hi,Canteen,food_quality,2,
705,लैब में जरूरी सॉफ्टवेयर लाइसेंस उपलब्ध नहीं है।,hi,IT_Library,software_license,2,
176,Medical certificate submit karne ke baad bhi attendance update nahi hui.,hinglish,Academics,attendance_dispute,3,
199,"मुझे the elective course पेपर का रीवैल्यूएशन चाहिए, मार्क्स गलत लग रहे हैं।",hi,Examinations,revaluation_request,3,
310,Exam datesheet doosre subject ke exam se clash kar raha hai.,hinglish,Examinations,exam_schedule_conflict,3,
127,"DBMS ka lecture aur lab dono same time pe hai, clash ho raha hai.",hinglish,Academics,timetable_conflict,2,
1156,Canteen ka seating area properly clean nahi ho raha hai.,hinglish,Canteen,hygiene,2,
551,The portal shows an error every time I try to access my results.,en,IT_Library,portal_access,2,
464,I have not received any update about my scholarship application.,en,Fees_Accounts,scholarship_query,3,
1315,the Vasai route बस 10 days से लगातार 30 मिनट से ज्यादा देर हो रही है।,hi,Transport,schedule_delay,4,970
953,"Bus timing is unreliable, we keep missing the first lecture.",en,Transport,schedule_delay,3,
901,The college bus route was changed without prior notice.,en,Transport,bus_routing,4,
540,Gateway error ki wajah se fee payment complete nahi ho raha.,hinglish,Fees_Accounts,payment_gateway_issue,4,
92,Two lectures for Computer Networks and another subject are scheduled at the same time.,en,Academics,timetable_conflict,2,
913,"Route 2 bus does not cover our stop anymore, please review the route.",en,Transport,bus_routing,3,
383,मुझसे सेमेस्टर फीस में Rs. 500 अतिरिक्त लिया गया है बिना किसी कारण के।,hi,Fees_Accounts,fee_discrepancy,3,
757,"Classroom ka furniture damaged hai, repair chahiye.",hinglish,Infrastructure,classroom_maintenance,3,
782,हॉस्टल रूम मेंटेनेंस रिक्वेस्ट पर कोई कार्रवाई नहीं हुई।,hi,Infrastructure,hostel_issue,2,
760,"Classroom ka furniture damaged hai, repair chahiye.",hinglish,Infrastructure,classroom_maintenance,3,
379,"फीस रसीद और पोर्टल राशि में Rs. 2,500 का अंतर है।",hi,Fees_Accounts,fee_discrepancy,3,
794,हॉस्टल में पानी की सप्लाई a week से अनियमित है।,hi,Infrastructure,hostel_issue,4,
